CREDITS.TXR.0	[background=962]
CREDITS.TXR.1	[pan=1,1,6]
CREDITS.TXR.2	[driver=#sound.009]
CREDITS.TXR.3	[sound=34]
CREDITS.TXR.4	[go]
CREDITS.TXR.5	Produced and Designed by
CREDITS.TXR.6	MATT GRUSON
CREDITS.TXR.7	
CREDITS.TXR.8	Executive Producer
CREDITS.TXR.9	TED MARKLEY
CREDITS.TXR.10	
CREDITS.TXR.11	Lead Programmer & Technical Director
CREDITS.TXR.12	BRIAN REYNOLDS
CREDITS.TXR.13	
CREDITS.TXR.14	Art Director
CREDITS.TXR.15	KENN NISHIUYE
CREDITS.TXR.16	
CREDITS.TXR.17	Music By
CREDITS.TXR.18	JEFFERY L. BRIGGS
CREDITS.TXR.19	
CREDITS.TXR.20	
CREDITS.TXR.21	
CREDITS.TXR.22	
CREDITS.TXR.23	THE DESIGN TEAM
CREDITS.TXR.24	
CREDITS.TXR.25	Game Design @ MATT GRUSON
CREDITS.TXR.26	\t    @ JEFF CHARLEBOIS
CREDITS.TXR.27	\t    @ TED MARKLEY
CREDITS.TXR.28	
CREDITS.TXR.29	Rex's Log Text @ STEVE MERETZKY
CREDITS.TXR.30	
CREDITS.TXR.31	Manual Text @ DOUG KAUFMAN
CREDITS.TXR.32	
CREDITS.TXR.33	Game Text @ JEFF CHARLEBOIS
CREDITS.TXR.34	\t  @ MATT GRUSON
CREDITS.TXR.35	\t  @ BRIAN REYNOLDS
CREDITS.TXR.36	
CREDITS.TXR.37	
CREDITS.TXR.38	
CREDITS.TXR.39	
CREDITS.TXR.40	THE ART TEAM
CREDITS.TXR.41	
CREDITS.TXR.42	Art Director @ KENN NISHIUYE
CREDITS.TXR.43	
CREDITS.TXR.44	Painting @ MIKE GIBSON (Lead)
CREDITS.TXR.45	\t @ NICHOLAS RUSKO-BERGER
CREDITS.TXR.46	\t @ KENN NISHIUYE
CREDITS.TXR.47	
CREDITS.TXR.48	Animation @ FRANK FRAZIER (Lead)
CREDITS.TXR.49	\t  @ CHARLES SHENTON
CREDITS.TXR.50	\t  @ KEN RACE
CREDITS.TXR.51	\t  @ CINDY LANG-BACHUR
CREDITS.TXR.52	\t  @ KEVIN BOEHM
CREDITS.TXR.53	\t  @ ANNE-MARIE COX
CREDITS.TXR.54	\t  @ JACKIE ROSS
CREDITS.TXR.55	\t  @ PATRICK DOWNEY
CREDITS.TXR.56	\t  @ KENN (again)
CREDITS.TXR.57	
CREDITS.TXR.58	3-D Animation @ MATT GRUSON
CREDITS.TXR.59	\t      @ ANDY LAKEN
CREDITS.TXR.60	
CREDITS.TXR.61	3-D Models @ FRANK VIVIRITO
CREDITS.TXR.62	\t   @ ANDY LAKEN
CREDITS.TXR.63	\t   @ GINNY SCHMIDT
CREDITS.TXR.64	\t   @ MAX REMINGTON
CREDITS.TXR.65	
CREDITS.TXR.66	Lead Rotoscope Engineer
CREDITS.TXR.67	CHARLES SHENTON
CREDITS.TXR.68	
CREDITS.TXR.69	Rotoscoping and Image Processing Tools
CREDITS.TXR.70	MATT GRUSON
CREDITS.TXR.71	
CREDITS.TXR.72	Rotoscope Modeling @ DREW WILLIAMS
CREDITS.TXR.73	\t\t   @ BONNIE SHEEKS
CREDITS.TXR.74	\t\t   @ CLAIRE BAGBY
CREDITS.TXR.75	\t\t   @ CINDY LANG-BACHUR
CREDITS.TXR.76	\t\t   @ GINNY SCHMIDT
CREDITS.TXR.77	\t\t   @ FRANK FRAZIER
CREDITS.TXR.78	\t\t   @ SARAH FRAZIER
CREDITS.TXR.79	\t\t   @ NICHOLAS RUSKO-BERGER
CREDITS.TXR.80	\t\t   @ IRIS IDOKOGI
CREDITS.TXR.81	\t\t   @ ANNE-MARIE COX
CREDITS.TXR.82	\t\t   @ MIKE GIBSON
CREDITS.TXR.83	
CREDITS.TXR.84	Assistant to Mr. Nebular
CREDITS.TXR.85	MURRAY TAYLOR
CREDITS.TXR.86	
CREDITS.TXR.87	Assistant to Ms. Nebular
CREDITS.TXR.88	VICKI FORD
CREDITS.TXR.89	
CREDITS.TXR.90	Mr. Nebular's Stunt Double
CREDITS.TXR.91	KEN RACE
CREDITS.TXR.92	
CREDITS.TXR.93	Colonel Stone's Stunt Double
CREDITS.TXR.94	JOE HELLESEN
CREDITS.TXR.95	
CREDITS.TXR.96	Interface Animation Scripts
CREDITS.TXR.97	MIKE GIBSON
CREDITS.TXR.98	NICHOLAS RUSKO-BERGER
CREDITS.TXR.99	
CREDITS.TXR.100	
CREDITS.TXR.101	
CREDITS.TXR.102	
CREDITS.TXR.103	THE DEVELOPMENT TEAM
CREDITS.TXR.104	
CREDITS.TXR.105	Lead Programmer & Technical Director
CREDITS.TXR.106	BRIAN REYNOLDS
CREDITS.TXR.107	
CREDITS.TXR.108	Applications Programming @ GINNY SCHMIDT
CREDITS.TXR.109	\t\t\t @ PAUL LAHAISE
CREDITS.TXR.110	
CREDITS.TXR.111	MADS System Design @ MATT GRUSON
CREDITS.TXR.112	\t\t   @ BRIAN REYNOLDS
CREDITS.TXR.113	
CREDITS.TXR.114	MADS System Engineering
CREDITS.TXR.115	BRIAN REYNOLDS
CREDITS.TXR.116	
CREDITS.TXR.117	MicroProse Installation Utility
CREDITS.TXR.118	BRIAN REYNOLDS
CREDITS.TXR.119	
CREDITS.TXR.120	Alchemist @ DAVID McKIBBIN
CREDITS.TXR.121	
CREDITS.TXR.122	Programming Tidbits @ DETMAR PETERKE
CREDITS.TXR.123	\t\t    @ SCOTT PATTERSON
CREDITS.TXR.124	
CREDITS.TXR.125	Hardware Maintenance @ MIKE GOMEZ
CREDITS.TXR.126	\t\t     @ SAL VITALE
CREDITS.TXR.127	
CREDITS.TXR.128	
CREDITS.TXR.129	
CREDITS.TXR.130	THE SOUND TEAM
CREDITS.TXR.131	
CREDITS.TXR.132	Sound Department Management
CREDITS.TXR.133	KEN LAGACE
CREDITS.TXR.134	
CREDITS.TXR.135	Music Composed By
CREDITS.TXR.136	JEFFERY L. BRIGGS
CREDITS.TXR.137	
CREDITS.TXR.138	Sound Programming @ KEN LAGACE
CREDITS.TXR.139	\t\t  @ JIM McCONKEY
CREDITS.TXR.140	\t\t  @ ROLAND RIZZO
CREDITS.TXR.141	\t\t  @ SCOTT PATTERSON
CREDITS.TXR.142	
CREDITS.TXR.143	Foley Editor @ JIM McCONKEY
CREDITS.TXR.144	
CREDITS.TXR.145	Voice Track Editor @ SCOTT PATTERSON
CREDITS.TXR.146	
CREDITS.TXR.147	Voice Acting @ GREG KEMPER
CREDITS.TXR.148	\t     @ PAUL ELLIS
CREDITS.TXR.149	\t     @ SHANNON HEPBURN
CREDITS.TXR.150	
CREDITS.TXR.151	Blood Curdling Screams @ BRIAN and MATT
CREDITS.TXR.152	
CREDITS.TXR.153	
CREDITS.TXR.154	
CREDITS.TXR.155	
CREDITS.TXR.156	THE QUALITY ASSURANCE TEAM
CREDITS.TXR.157	
CREDITS.TXR.158	Q.A. Management @ AL ROIREAU
CREDITS.TXR.159	\t\t@ MICHAEL CRAIGHEAD
CREDITS.TXR.160	
CREDITS.TXR.161	Lead Tester @ FRANK BROWN
CREDITS.TXR.162	
CREDITS.TXR.163	Playtesting @ BILL BURTON
CREDITS.TXR.164	\t    @ ANDY MAZUREK
CREDITS.TXR.165	\t    @ DAVE ELLIS
CREDITS.TXR.166	\t    @ MIKE CORCORAN
CREDITS.TXR.167	\t    @ MIKE REA
CREDITS.TXR.168	\t    @ MICHAEL CRAIGHEAD
CREDITS.TXR.169	\t    @ AL ROIREAU
CREDITS.TXR.170	\t    @ DAVE OSBORN
CREDITS.TXR.171	\t    @ HARRY TEASLEY
CREDITS.TXR.172	\t    @ TED MARKLEY
CREDITS.TXR.173	\t    @ VAUGHN THOMAS
CREDITS.TXR.174	\t    @ SALLY STALCUP
CREDITS.TXR.175	\t    @ MICHELE ROIREAU
CREDITS.TXR.176	\t    @ DIETZEL BROWN
CREDITS.TXR.177	
CREDITS.TXR.178	
CREDITS.TXR.179	
CREDITS.TXR.180	
CREDITS.TXR.181	THE MARKETING TEAM
CREDITS.TXR.182	
CREDITS.TXR.183	Rex Nebular Project Manager
CREDITS.TXR.184	MONIQUE CARON
CREDITS.TXR.185	
CREDITS.TXR.186	Marketing Emperor
CREDITS.TXR.187	GERRY BLAIR
CREDITS.TXR.188	
CREDITS.TXR.189	Marketing Director
CREDITS.TXR.190	DEBBIE CHEEK
CREDITS.TXR.191	
CREDITS.TXR.192	Marketing Services Director
CREDITS.TXR.193	MARY HERRON
CREDITS.TXR.194	
CREDITS.TXR.195	Marketing Services Coordinator
CREDITS.TXR.196	BRENDA BLOOMFIELD
CREDITS.TXR.197	
CREDITS.TXR.198	Art Director @ JOHN EMORY
CREDITS.TXR.199	
CREDITS.TXR.200	Package Cover Art @ ERIC OLSON
CREDITS.TXR.201	
CREDITS.TXR.202	Package Design @ JOHN EMORY
CREDITS.TXR.203	\t       @ MOSHE MILICH
CREDITS.TXR.204	
CREDITS.TXR.205	Advertising Placement @ LINDSAY RIEHL
CREDITS.TXR.206	
CREDITS.TXR.207	Direct Mail Projects @ LINDSAY RIEHL
CREDITS.TXR.208	\t\t     @ ED KELLY
CREDITS.TXR.209	
CREDITS.TXR.210	Package and Advertising Copy
CREDITS.TXR.211	KEN HOHMAN
CREDITS.TXR.212	
CREDITS.TXR.213	Advertising Design @ FINLEY WEATHERFORD
CREDITS.TXR.214	
CREDITS.TXR.215	Newsletter Coverage @ GARY ALMES
CREDITS.TXR.216	
CREDITS.TXR.217	800 Sales @ KAREN REITER
CREDITS.TXR.218	\t  @ TERI HAYWARD
CREDITS.TXR.219	
CREDITS.TXR.220	Rex's Log and Manual Design
CREDITS.TXR.221	IRIS IDOKOGI
CREDITS.TXR.222	JOE MOREL
CREDITS.TXR.223	
CREDITS.TXR.224	Rex's Log Illustrations @ MARK GLIDDEN
CREDITS.TXR.225	
CREDITS.TXR.226	Public Relations @ KATHY GILMORE
CREDITS.TXR.227	
CREDITS.TXR.228	
CREDITS.TXR.229	
CREDITS.TXR.230	
CREDITS.TXR.231	No animals were hurt, maimed, squashed, mutilated,
CREDITS.TXR.232	run through garbage disposers, shredded, used to
CREDITS.TXR.233	test trash compactors, or otherwise damaged during
CREDITS.TXR.234	production of this game.  Honest.
CREDITS.TXR.235	
CREDITS.TXR.236	(CC) Closed Captioned for the sound card impaired.
CREDITS.TXR.237	
CREDITS.TXR.238	
CREDITS.TXR.239	
CREDITS.TXR.240	
CREDITS.TXR.241	[sound=1]
CREDITS.TXR.242	***
CREDITS.TXR.243	
ENDING1.TXR.0	[background=962]
ENDING1.TXR.1	[pan=1,1,6]
ENDING1.TXR.2	[driver=#sound.009]
ENDING1.TXR.3	[sound=34]
ENDING1.TXR.4	[go]
ENDING1.TXR.5	[color0=63,10,10]
ENDING1.TXR.6	[color1=45,5,5]
ENDING1.TXR.7	EPILOGUE
ENDING1.TXR.8	"A Quick Death"
ENDING1.TXR.9	
ENDING1.TXR.10	You pull on the throttle and zoom
ENDING1.TXR.11	out into space, flush with your
ENDING1.TXR.12	recent victory.  Unfortunately,
ENDING1.TXR.13	Major Karg still lies in wait for
ENDING1.TXR.14	you.  This time, she scores a
ENDING1.TXR.15	direct hit.
ENDING1.TXR.16	
ENDING1.TXR.17	Too bad you couldn't find a replacement
ENDING1.TXR.18	card for that shield modulator slot.
ENDING1.TXR.19	
ENDING1.TXR.20	THE END.
ENDING1.TXR.21	
ENDING1.TXR.22	
ENDING1.TXR.23	
ENDING1.TXR.24	
ENDING1.TXR.25	
ENDING1.TXR.26	
ENDING1.TXR.27	Fool.
ENDING1.TXR.28	
ENDING1.TXR.29	
ENDING1.TXR.30	
ENDING1.TXR.31	
ENDING1.TXR.32	
ENDING1.TXR.33	
ENDING1.TXR.34	
ENDING1.TXR.35	
ENDING1.TXR.36	
ENDING1.TXR.37	
ENDING1.TXR.38	
ENDING1.TXR.39	[color0=0,63,63]
ENDING1.TXR.40	[color1=0,45,45]Produced and Designed by
ENDING1.TXR.41	MATT GRUSON
ENDING1.TXR.42	
ENDING1.TXR.43	Executive Producer
ENDING1.TXR.44	TED MARKLEY
ENDING1.TXR.45	
ENDING1.TXR.46	Lead Programmer & Technical Director
ENDING1.TXR.47	BRIAN REYNOLDS
ENDING1.TXR.48	
ENDING1.TXR.49	Art Director
ENDING1.TXR.50	KENN NISHIUYE
ENDING1.TXR.51	
ENDING1.TXR.52	Music By
ENDING1.TXR.53	JEFFERY L. BRIGGS
ENDING1.TXR.54	
ENDING1.TXR.55	
ENDING1.TXR.56	
ENDING1.TXR.57	
ENDING1.TXR.58	THE DESIGN TEAM
ENDING1.TXR.59	
ENDING1.TXR.60	Game Design @ MATT GRUSON
ENDING1.TXR.61	\t    @ JEFF CHARLEBOIS
ENDING1.TXR.62	\t    @ TED MARKLEY
ENDING1.TXR.63	
ENDING1.TXR.64	Rex's Log Text @ STEVE MERETZKY
ENDING1.TXR.65	
ENDING1.TXR.66	Manual Text @ DOUG KAUFMAN
ENDING1.TXR.67	
ENDING1.TXR.68	Game Text @ JEFF CHARLEBOIS
ENDING1.TXR.69	\t  @ MATT GRUSON
ENDING1.TXR.70	\t  @ BRIAN REYNOLDS
ENDING1.TXR.71	
ENDING1.TXR.72	
ENDING1.TXR.73	
ENDING1.TXR.74	
ENDING1.TXR.75	THE ART TEAM
ENDING1.TXR.76	
ENDING1.TXR.77	Art Director @ KENN NISHIUYE
ENDING1.TXR.78	
ENDING1.TXR.79	Painting @ MIKE GIBSON (Lead)
ENDING1.TXR.80	\t @ NICHOLAS RUSKO-BERGER
ENDING1.TXR.81	\t @ KENN NISHIUYE
ENDING1.TXR.82	
ENDING1.TXR.83	Animation @ FRANK FRAZIER (Lead)
ENDING1.TXR.84	\t  @ CHARLES SHENTON
ENDING1.TXR.85	\t  @ KEN RACE
ENDING1.TXR.86	\t  @ CINDY LANG-BACHUR
ENDING1.TXR.87	\t  @ KEVIN BOEHM
ENDING1.TXR.88	\t  @ ANNE-MARIE COX
ENDING1.TXR.89	\t  @ JACKIE ROSS
ENDING1.TXR.90	\t  @ PATRICK DOWNEY
ENDING1.TXR.91	\t  @ KENN (again)
ENDING1.TXR.92	
ENDING1.TXR.93	3-D Animation @ MATT GRUSON
ENDING1.TXR.94	\t      @ ANDY LAKEN
ENDING1.TXR.95	
ENDING1.TXR.96	3-D Models @ FRANK VIVIRITO
ENDING1.TXR.97	\t   @ ANDY LAKEN
ENDING1.TXR.98	\t   @ GINNY SCHMIDT
ENDING1.TXR.99	\t   @ MAX REMINGTON
ENDING1.TXR.100	
ENDING1.TXR.101	Lead Rotoscope Engineer
ENDING1.TXR.102	CHARLES SHENTON
ENDING1.TXR.103	
ENDING1.TXR.104	Rotoscoping and Image Processing Tools
ENDING1.TXR.105	MATT GRUSON
ENDING1.TXR.106	
ENDING1.TXR.107	Rotoscope Modeling @ DREW WILLIAMS
ENDING1.TXR.108	\t\t   @ BONNIE SHEEKS
ENDING1.TXR.109	\t\t   @ CLAIRE BAGBY
ENDING1.TXR.110	\t\t   @ CINDY LANG-BACHUR
ENDING1.TXR.111	\t\t   @ GINNY SCHMIDT
ENDING1.TXR.112	\t\t   @ FRANK FRAZIER
ENDING1.TXR.113	\t\t   @ SARAH FRAZIER
ENDING1.TXR.114	\t\t   @ NICHOLAS RUSKO-BERGER
ENDING1.TXR.115	\t\t   @ IRIS IDOKOGI
ENDING1.TXR.116	\t\t   @ ANNE-MARIE COX
ENDING1.TXR.117	\t\t   @ MIKE GIBSON
ENDING1.TXR.118	
ENDING1.TXR.119	Assistant to Mr. Nebular
ENDING1.TXR.120	MURRAY TAYLOR
ENDING1.TXR.121	
ENDING1.TXR.122	Assistant to Ms. Nebular
ENDING1.TXR.123	VICKI FORD
ENDING1.TXR.124	
ENDING1.TXR.125	Mr. Nebular's Stunt Double
ENDING1.TXR.126	KEN RACE
ENDING1.TXR.127	
ENDING1.TXR.128	Colonel Stone's Stunt Double
ENDING1.TXR.129	JOE HELLESEN
ENDING1.TXR.130	
ENDING1.TXR.131	Interface Animation Scripts
ENDING1.TXR.132	MIKE GIBSON
ENDING1.TXR.133	NICHOLAS RUSKO-BERGER
ENDING1.TXR.134	
ENDING1.TXR.135	
ENDING1.TXR.136	
ENDING1.TXR.137	
ENDING1.TXR.138	THE DEVELOPMENT TEAM
ENDING1.TXR.139	
ENDING1.TXR.140	Lead Programmer & Technical Director
ENDING1.TXR.141	BRIAN REYNOLDS
ENDING1.TXR.142	
ENDING1.TXR.143	Applications Programming @ GINNY SCHMIDT
ENDING1.TXR.144	\t\t\t @ PAUL LAHAISE
ENDING1.TXR.145	
ENDING1.TXR.146	MADS System Design @ MATT GRUSON
ENDING1.TXR.147	\t\t   @ BRIAN REYNOLDS
ENDING1.TXR.148	
ENDING1.TXR.149	MADS System Engineering
ENDING1.TXR.150	BRIAN REYNOLDS
ENDING1.TXR.151	
ENDING1.TXR.152	MicroProse Installation Utility
ENDING1.TXR.153	BRIAN REYNOLDS
ENDING1.TXR.154	
ENDING1.TXR.155	Alchemist @ DAVID McKIBBIN
ENDING1.TXR.156	
ENDING1.TXR.157	Programming Tidbits @ DETMAR PETERKE
ENDING1.TXR.158	\t\t    @ SCOTT PATTERSON
ENDING1.TXR.159	
ENDING1.TXR.160	Hardware Maintenance @ MIKE GOMEZ
ENDING1.TXR.161	\t\t     @ SAL VITALE
ENDING1.TXR.162	
ENDING1.TXR.163	
ENDING1.TXR.164	
ENDING1.TXR.165	THE SOUND TEAM
ENDING1.TXR.166	
ENDING1.TXR.167	Sound Department Management
ENDING1.TXR.168	KEN LAGACE
ENDING1.TXR.169	
ENDING1.TXR.170	Music Composed By
ENDING1.TXR.171	JEFFERY L. BRIGGS
ENDING1.TXR.172	
ENDING1.TXR.173	Sound Programming @ KEN LAGACE
ENDING1.TXR.174	\t\t  @ JIM McCONKEY
ENDING1.TXR.175	\t\t  @ ROLAND RIZZO
ENDING1.TXR.176	\t\t  @ SCOTT PATTERSON
ENDING1.TXR.177	
ENDING1.TXR.178	Foley Editor @ JIM McCONKEY
ENDING1.TXR.179	
ENDING1.TXR.180	Voice Track Editor @ SCOTT PATTERSON
ENDING1.TXR.181	
ENDING1.TXR.182	Voice Acting @ GREG KEMPER
ENDING1.TXR.183	\t     @ PAUL ELLIS
ENDING1.TXR.184	\t     @ SHANNON HEPBURN
ENDING1.TXR.185	
ENDING1.TXR.186	Blood Curdling Screams @ BRIAN and MATT
ENDING1.TXR.187	
ENDING1.TXR.188	
ENDING1.TXR.189	
ENDING1.TXR.190	
ENDING1.TXR.191	THE QUALITY ASSURANCE TEAM
ENDING1.TXR.192	
ENDING1.TXR.193	Q.A. Management @ AL ROIREAU
ENDING1.TXR.194	\t\t@ MICHAEL CRAIGHEAD
ENDING1.TXR.195	
ENDING1.TXR.196	Lead Tester @ FRANK BROWN
ENDING1.TXR.197	
ENDING1.TXR.198	Playtesting @ BILL BURTON
ENDING1.TXR.199	\t    @ ANDY MAZUREK
ENDING1.TXR.200	\t    @ DAVE ELLIS
ENDING1.TXR.201	\t    @ MIKE CORCORAN
ENDING1.TXR.202	\t    @ MIKE REA
ENDING1.TXR.203	\t    @ MICHAEL CRAIGHEAD
ENDING1.TXR.204	\t    @ AL ROIREAU
ENDING1.TXR.205	\t    @ DAVE OSBORN
ENDING1.TXR.206	\t    @ HARRY TEASLEY
ENDING1.TXR.207	\t    @ TED MARKLEY
ENDING1.TXR.208	\t    @ VAUGHN THOMAS
ENDING1.TXR.209	\t    @ SALLY STALCUP
ENDING1.TXR.210	\t    @ MICHELE ROIREAU
ENDING1.TXR.211	\t    @ DIETZEL BROWN
ENDING1.TXR.212	
ENDING1.TXR.213	
ENDING1.TXR.214	
ENDING1.TXR.215	
ENDING1.TXR.216	THE MARKETING TEAM
ENDING1.TXR.217	
ENDING1.TXR.218	Rex Nebular Project Manager
ENDING1.TXR.219	MONIQUE CARON
ENDING1.TXR.220	
ENDING1.TXR.221	Marketing Emperor
ENDING1.TXR.222	GERRY BLAIR
ENDING1.TXR.223	
ENDING1.TXR.224	Marketing Director
ENDING1.TXR.225	DEBBIE CHEEK
ENDING1.TXR.226	
ENDING1.TXR.227	Marketing Services Director
ENDING1.TXR.228	MARY HERRON
ENDING1.TXR.229	
ENDING1.TXR.230	Marketing Services Coordinator
ENDING1.TXR.231	BRENDA BLOOMFIELD
ENDING1.TXR.232	
ENDING1.TXR.233	Art Director @ JOHN EMORY
ENDING1.TXR.234	
ENDING1.TXR.235	Package Cover Art @ ERIC OLSON
ENDING1.TXR.236	
ENDING1.TXR.237	Package Design @ JOHN EMORY
ENDING1.TXR.238	\t       @ MOSHE MILICH
ENDING1.TXR.239	
ENDING1.TXR.240	Advertising Placement @ LINDSAY RIEHL
ENDING1.TXR.241	
ENDING1.TXR.242	Direct Mail Projects @ LINDSAY RIEHL
ENDING1.TXR.243	\t\t     @ ED KELLY
ENDING1.TXR.244	
ENDING1.TXR.245	Package and Advertising Copy
ENDING1.TXR.246	KEN HOHMAN
ENDING1.TXR.247	
ENDING1.TXR.248	Advertising Design @ FINLEY WEATHERFORD
ENDING1.TXR.249	
ENDING1.TXR.250	Newsletter Coverage @ GARY ALMES
ENDING1.TXR.251	
ENDING1.TXR.252	800 Sales @ KAREN REITER
ENDING1.TXR.253	\t  @ TERI HAYWARD
ENDING1.TXR.254	
ENDING1.TXR.255	Rex's Log and Manual Design
ENDING1.TXR.256	IRIS IDOKOGI
ENDING1.TXR.257	JOE MOREL
ENDING1.TXR.258	
ENDING1.TXR.259	Rex's Log Illustrations @ MARK GLIDDEN
ENDING1.TXR.260	
ENDING1.TXR.261	Public Relations @ KATHY GILMORE
ENDING1.TXR.262	
ENDING1.TXR.263	
ENDING1.TXR.264	
ENDING1.TXR.265	
ENDING1.TXR.266	No animals were hurt, maimed, squashed, mutilated,
ENDING1.TXR.267	run through garbage disposers, shredded, used to
ENDING1.TXR.268	test trash compactors, or otherwise damaged during
ENDING1.TXR.269	production of this game.  Honest.
ENDING1.TXR.270	
ENDING1.TXR.271	(CC) Closed Captioned for the sound card impaired.
ENDING1.TXR.272	
ENDING1.TXR.273	
ENDING1.TXR.274	
ENDING1.TXR.275	
ENDING1.TXR.276	
ENDING1.TXR.277	[sound=1]
ENDING1.TXR.278	***
ENDING1.TXR.279	
ENDING2.TXR.0	[background=962]
ENDING2.TXR.1	[pan=1,1,6]
ENDING2.TXR.2	[driver=#sound.009]
ENDING2.TXR.3	[sound=34]
ENDING2.TXR.4	[go]
ENDING2.TXR.5	[color0=63,10,10]
ENDING2.TXR.6	[color1=45,5,5]
ENDING2.TXR.7	EPILOGUE
ENDING2.TXR.8	"An Honorable Death"
ENDING2.TXR.9	
ENDING2.TXR.10	You pull on the throttle and zoom
ENDING2.TXR.11	out into space, flush with your
ENDING2.TXR.12	recent victory.  Unfortunately,
ENDING2.TXR.13	Major Karg still lies in wait for
ENDING2.TXR.14	you.  This time, she doesn't plan
ENDING2.TXR.15	to miss.
ENDING2.TXR.16	
ENDING2.TXR.17	Her first volley bounces harmlessly
ENDING2.TXR.18	off your shields, and you realize
ENDING2.TXR.19	that installing that spare shield
ENDING2.TXR.20	modulator has just saved your life.
ENDING2.TXR.21	
ENDING2.TXR.22	You quickly return fire, hoping to
ENDING2.TXR.23	create a distraction and slip past
ENDING2.TXR.24	the dreadnought.  Since you didn't
ENDING2.TXR.25	have time to repair the targeting
ENDING2.TXR.26	computer, however, you are forced
ENDING2.TXR.27	to rely entirely on manual sighting--
ENDING2.TXR.28	an area in which you never excelled.
ENDING2.TXR.29	
ENDING2.TXR.30	Apparently, you can't hit the broad
ENDING2.TXR.31	side of a barn.
ENDING2.TXR.32	
ENDING2.TXR.33	Karg's second volley penetrates
ENDING2.TXR.34	through to the hyperdrive core and
ENDING2.TXR.35	causes a nifty-looking explosion.
ENDING2.TXR.36	
ENDING2.TXR.37	THE END.
ENDING2.TXR.38	
ENDING2.TXR.39	
ENDING2.TXR.40	
ENDING2.TXR.41	
ENDING2.TXR.42	
ENDING2.TXR.43	Dang.
ENDING2.TXR.44	
ENDING2.TXR.45	
ENDING2.TXR.46	
ENDING2.TXR.47	
ENDING2.TXR.48	
ENDING2.TXR.49	
ENDING2.TXR.50	
ENDING2.TXR.51	
ENDING2.TXR.52	
ENDING2.TXR.53	
ENDING2.TXR.54	
ENDING2.TXR.55	
ENDING2.TXR.56	
ENDING2.TXR.57	[color0=0,63,63]
ENDING2.TXR.58	[color1=0,45,45]Produced and Designed by
ENDING2.TXR.59	MATT GRUSON
ENDING2.TXR.60	
ENDING2.TXR.61	Executive Producer
ENDING2.TXR.62	TED MARKLEY
ENDING2.TXR.63	
ENDING2.TXR.64	Lead Programmer & Technical Director
ENDING2.TXR.65	BRIAN REYNOLDS
ENDING2.TXR.66	
ENDING2.TXR.67	Art Director
ENDING2.TXR.68	KENN NISHIUYE
ENDING2.TXR.69	
ENDING2.TXR.70	Music By
ENDING2.TXR.71	JEFFERY L. BRIGGS
ENDING2.TXR.72	
ENDING2.TXR.73	
ENDING2.TXR.74	
ENDING2.TXR.75	
ENDING2.TXR.76	THE DESIGN TEAM
ENDING2.TXR.77	
ENDING2.TXR.78	Game Design @ MATT GRUSON
ENDING2.TXR.79	\t    @ JEFF CHARLEBOIS
ENDING2.TXR.80	\t    @ TED MARKLEY
ENDING2.TXR.81	
ENDING2.TXR.82	Rex's Log Text @ STEVE MERETZKY
ENDING2.TXR.83	
ENDING2.TXR.84	Manual Text @ DOUG KAUFMAN
ENDING2.TXR.85	
ENDING2.TXR.86	Game Text @ JEFF CHARLEBOIS
ENDING2.TXR.87	\t  @ MATT GRUSON
ENDING2.TXR.88	\t  @ BRIAN REYNOLDS
ENDING2.TXR.89	
ENDING2.TXR.90	
ENDING2.TXR.91	
ENDING2.TXR.92	
ENDING2.TXR.93	THE ART TEAM
ENDING2.TXR.94	
ENDING2.TXR.95	Art Director @ KENN NISHIUYE
ENDING2.TXR.96	
ENDING2.TXR.97	Painting @ MIKE GIBSON (Lead)
ENDING2.TXR.98	\t @ NICHOLAS RUSKO-BERGER
ENDING2.TXR.99	\t @ KENN NISHIUYE
ENDING2.TXR.100	
ENDING2.TXR.101	Animation @ FRANK FRAZIER (Lead)
ENDING2.TXR.102	\t  @ CHARLES SHENTON
ENDING2.TXR.103	\t  @ KEN RACE
ENDING2.TXR.104	\t  @ CINDY LANG-BACHUR
ENDING2.TXR.105	\t  @ KEVIN BOEHM
ENDING2.TXR.106	\t  @ ANNE-MARIE COX
ENDING2.TXR.107	\t  @ JACKIE ROSS
ENDING2.TXR.108	\t  @ PATRICK DOWNEY
ENDING2.TXR.109	\t  @ KENN (again)
ENDING2.TXR.110	
ENDING2.TXR.111	3-D Animation @ MATT GRUSON
ENDING2.TXR.112	\t      @ ANDY LAKEN
ENDING2.TXR.113	
ENDING2.TXR.114	3-D Models @ FRANK VIVIRITO
ENDING2.TXR.115	\t   @ ANDY LAKEN
ENDING2.TXR.116	\t   @ GINNY SCHMIDT
ENDING2.TXR.117	\t   @ MAX REMINGTON
ENDING2.TXR.118	
ENDING2.TXR.119	Lead Rotoscope Engineer
ENDING2.TXR.120	CHARLES SHENTON
ENDING2.TXR.121	
ENDING2.TXR.122	Rotoscoping and Image Processing Tools
ENDING2.TXR.123	MATT GRUSON
ENDING2.TXR.124	
ENDING2.TXR.125	Rotoscope Modeling @ DREW WILLIAMS
ENDING2.TXR.126	\t\t   @ BONNIE SHEEKS
ENDING2.TXR.127	\t\t   @ CLAIRE BAGBY
ENDING2.TXR.128	\t\t   @ CINDY LANG-BACHUR
ENDING2.TXR.129	\t\t   @ GINNY SCHMIDT
ENDING2.TXR.130	\t\t   @ FRANK FRAZIER
ENDING2.TXR.131	\t\t   @ SARAH FRAZIER
ENDING2.TXR.132	\t\t   @ NICHOLAS RUSKO-BERGER
ENDING2.TXR.133	\t\t   @ IRIS IDOKOGI
ENDING2.TXR.134	\t\t   @ ANNE-MARIE COX
ENDING2.TXR.135	\t\t   @ MIKE GIBSON
ENDING2.TXR.136	
ENDING2.TXR.137	Assistant to Mr. Nebular
ENDING2.TXR.138	MURRAY TAYLOR
ENDING2.TXR.139	
ENDING2.TXR.140	Assistant to Ms. Nebular
ENDING2.TXR.141	VICKI FORD
ENDING2.TXR.142	
ENDING2.TXR.143	Mr. Nebular's Stunt Double
ENDING2.TXR.144	KEN RACE
ENDING2.TXR.145	
ENDING2.TXR.146	Colonel Stone's Stunt Double
ENDING2.TXR.147	JOE HELLESEN
ENDING2.TXR.148	
ENDING2.TXR.149	Interface Animation Scripts
ENDING2.TXR.150	MIKE GIBSON
ENDING2.TXR.151	NICHOLAS RUSKO-BERGER
ENDING2.TXR.152	
ENDING2.TXR.153	
ENDING2.TXR.154	
ENDING2.TXR.155	
ENDING2.TXR.156	THE DEVELOPMENT TEAM
ENDING2.TXR.157	
ENDING2.TXR.158	Lead Programmer & Technical Director
ENDING2.TXR.159	BRIAN REYNOLDS
ENDING2.TXR.160	
ENDING2.TXR.161	Applications Programming @ GINNY SCHMIDT
ENDING2.TXR.162	\t\t\t @ PAUL LAHAISE
ENDING2.TXR.163	
ENDING2.TXR.164	MADS System Design @ MATT GRUSON
ENDING2.TXR.165	\t\t   @ BRIAN REYNOLDS
ENDING2.TXR.166	
ENDING2.TXR.167	MADS System Engineering
ENDING2.TXR.168	BRIAN REYNOLDS
ENDING2.TXR.169	
ENDING2.TXR.170	MicroProse Installation Utility
ENDING2.TXR.171	BRIAN REYNOLDS
ENDING2.TXR.172	
ENDING2.TXR.173	Alchemist @ DAVID McKIBBIN
ENDING2.TXR.174	
ENDING2.TXR.175	Programming Tidbits @ DETMAR PETERKE
ENDING2.TXR.176	\t\t    @ SCOTT PATTERSON
ENDING2.TXR.177	
ENDING2.TXR.178	Hardware Maintenance @ MIKE GOMEZ
ENDING2.TXR.179	\t\t     @ SAL VITALE
ENDING2.TXR.180	
ENDING2.TXR.181	
ENDING2.TXR.182	
ENDING2.TXR.183	THE SOUND TEAM
ENDING2.TXR.184	
ENDING2.TXR.185	Sound Department Management
ENDING2.TXR.186	KEN LAGACE
ENDING2.TXR.187	
ENDING2.TXR.188	Music Composed By
ENDING2.TXR.189	JEFFERY L. BRIGGS
ENDING2.TXR.190	
ENDING2.TXR.191	Sound Programming @ KEN LAGACE
ENDING2.TXR.192	\t\t  @ JIM McCONKEY
ENDING2.TXR.193	\t\t  @ ROLAND RIZZO
ENDING2.TXR.194	\t\t  @ SCOTT PATTERSON
ENDING2.TXR.195	
ENDING2.TXR.196	Foley Editor @ JIM McCONKEY
ENDING2.TXR.197	
ENDING2.TXR.198	Voice Track Editor @ SCOTT PATTERSON
ENDING2.TXR.199	
ENDING2.TXR.200	Voice Acting @ GREG KEMPER
ENDING2.TXR.201	\t     @ PAUL ELLIS
ENDING2.TXR.202	\t     @ SHANNON HEPBURN
ENDING2.TXR.203	
ENDING2.TXR.204	Blood Curdling Screams @ BRIAN and MATT
ENDING2.TXR.205	
ENDING2.TXR.206	
ENDING2.TXR.207	
ENDING2.TXR.208	
ENDING2.TXR.209	THE QUALITY ASSURANCE TEAM
ENDING2.TXR.210	
ENDING2.TXR.211	Q.A. Management @ AL ROIREAU
ENDING2.TXR.212	\t\t@ MICHAEL CRAIGHEAD
ENDING2.TXR.213	
ENDING2.TXR.214	Lead Tester @ FRANK BROWN
ENDING2.TXR.215	
ENDING2.TXR.216	Playtesting @ BILL BURTON
ENDING2.TXR.217	\t    @ ANDY MAZUREK
ENDING2.TXR.218	\t    @ DAVE ELLIS
ENDING2.TXR.219	\t    @ MIKE CORCORAN
ENDING2.TXR.220	\t    @ MIKE REA
ENDING2.TXR.221	\t    @ MICHAEL CRAIGHEAD
ENDING2.TXR.222	\t    @ AL ROIREAU
ENDING2.TXR.223	\t    @ DAVE OSBORN
ENDING2.TXR.224	\t    @ HARRY TEASLEY
ENDING2.TXR.225	\t    @ TED MARKLEY
ENDING2.TXR.226	\t    @ VAUGHN THOMAS
ENDING2.TXR.227	\t    @ SALLY STALCUP
ENDING2.TXR.228	\t    @ MICHELE ROIREAU
ENDING2.TXR.229	\t    @ DIETZEL BROWN
ENDING2.TXR.230	
ENDING2.TXR.231	
ENDING2.TXR.232	
ENDING2.TXR.233	
ENDING2.TXR.234	THE MARKETING TEAM
ENDING2.TXR.235	
ENDING2.TXR.236	Rex Nebular Project Manager
ENDING2.TXR.237	MONIQUE CARON
ENDING2.TXR.238	
ENDING2.TXR.239	Marketing Emperor
ENDING2.TXR.240	GERRY BLAIR
ENDING2.TXR.241	
ENDING2.TXR.242	Marketing Director
ENDING2.TXR.243	DEBBIE CHEEK
ENDING2.TXR.244	
ENDING2.TXR.245	Marketing Services Director
ENDING2.TXR.246	MARY HERRON
ENDING2.TXR.247	
ENDING2.TXR.248	Marketing Services Coordinator
ENDING2.TXR.249	BRENDA BLOOMFIELD
ENDING2.TXR.250	
ENDING2.TXR.251	Art Director @ JOHN EMORY
ENDING2.TXR.252	
ENDING2.TXR.253	Package Cover Art @ ERIC OLSON
ENDING2.TXR.254	
ENDING2.TXR.255	Package Design @ JOHN EMORY
ENDING2.TXR.256	\t       @ MOSHE MILICH
ENDING2.TXR.257	
ENDING2.TXR.258	Advertising Placement @ LINDSAY RIEHL
ENDING2.TXR.259	
ENDING2.TXR.260	Direct Mail Projects @ LINDSAY RIEHL
ENDING2.TXR.261	\t\t     @ ED KELLY
ENDING2.TXR.262	
ENDING2.TXR.263	Package and Advertising Copy
ENDING2.TXR.264	KEN HOHMAN
ENDING2.TXR.265	
ENDING2.TXR.266	Advertising Design @ FINLEY WEATHERFORD
ENDING2.TXR.267	
ENDING2.TXR.268	Newsletter Coverage @ GARY ALMES
ENDING2.TXR.269	
ENDING2.TXR.270	800 Sales @ KAREN REITER
ENDING2.TXR.271	\t  @ TERI HAYWARD
ENDING2.TXR.272	
ENDING2.TXR.273	Rex's Log and Manual Design
ENDING2.TXR.274	IRIS IDOKOGI
ENDING2.TXR.275	JOE MOREL
ENDING2.TXR.276	
ENDING2.TXR.277	Rex's Log Illustrations @ MARK GLIDDEN
ENDING2.TXR.278	
ENDING2.TXR.279	Public Relations @ KATHY GILMORE
ENDING2.TXR.280	
ENDING2.TXR.281	
ENDING2.TXR.282	
ENDING2.TXR.283	
ENDING2.TXR.284	No animals were hurt, maimed, squashed, mutilated,
ENDING2.TXR.285	run through garbage disposers, shredded, used to
ENDING2.TXR.286	test trash compactors, or otherwise damaged during
ENDING2.TXR.287	production of this game.  Honest.
ENDING2.TXR.288	
ENDING2.TXR.289	(CC) Closed Captioned for the sound card impaired.
ENDING2.TXR.290	
ENDING2.TXR.291	
ENDING2.TXR.292	
ENDING2.TXR.293	
ENDING2.TXR.294	
ENDING2.TXR.295	[sound=1]
ENDING2.TXR.296	***
ENDING2.TXR.297	
ENDING4.TXR.0	[background=962]
ENDING4.TXR.1	[pan=1,1,6]
ENDING4.TXR.2	[driver=#sound.009]
ENDING4.TXR.3	[sound=34]
ENDING4.TXR.4	[go]
ENDING4.TXR.5	[color0=63,10,10]
ENDING4.TXR.6	[color1=45,5,5]
ENDING4.TXR.7	EPILOGUE
ENDING4.TXR.8	"The Decompression Ending"
ENDING4.TXR.9	
ENDING4.TXR.10	You pull on the throttle and zoom
ENDING4.TXR.11	out into space, flush with your
ENDING4.TXR.12	recent victory.  Unfortunately, you
ENDING4.TXR.13	fail to notice a large crack in
ENDING4.TXR.14	the windshield.
ENDING4.TXR.15	
ENDING4.TXR.16	As the ship enters the hard vacuum
ENDING4.TXR.17	of outer space, a bad accident
ENDING4.TXR.18	happens.
ENDING4.TXR.19	
ENDING4.TXR.20	
ENDING4.TXR.21	THE END.
ENDING4.TXR.22	
ENDING4.TXR.23	
ENDING4.TXR.24	
ENDING4.TXR.25	
ENDING4.TXR.26	
ENDING4.TXR.27	Oops.
ENDING4.TXR.28	
ENDING4.TXR.29	
ENDING4.TXR.30	
ENDING4.TXR.31	
ENDING4.TXR.32	
ENDING4.TXR.33	
ENDING4.TXR.34	
ENDING4.TXR.35	
ENDING4.TXR.36	
ENDING4.TXR.37	
ENDING4.TXR.38	
ENDING4.TXR.39	
ENDING4.TXR.40	
ENDING4.TXR.41	[color0=0,63,63]
ENDING4.TXR.42	[color1=0,45,45]Produced and Designed by
ENDING4.TXR.43	MATT GRUSON
ENDING4.TXR.44	
ENDING4.TXR.45	Executive Producer
ENDING4.TXR.46	TED MARKLEY
ENDING4.TXR.47	
ENDING4.TXR.48	Lead Programmer & Technical Director
ENDING4.TXR.49	BRIAN REYNOLDS
ENDING4.TXR.50	
ENDING4.TXR.51	Art Director
ENDING4.TXR.52	KENN NISHIUYE
ENDING4.TXR.53	
ENDING4.TXR.54	Music By
ENDING4.TXR.55	JEFFERY L. BRIGGS
ENDING4.TXR.56	
ENDING4.TXR.57	
ENDING4.TXR.58	
ENDING4.TXR.59	
ENDING4.TXR.60	THE DESIGN TEAM
ENDING4.TXR.61	
ENDING4.TXR.62	Game Design @ MATT GRUSON
ENDING4.TXR.63	\t    @ JEFF CHARLEBOIS
ENDING4.TXR.64	\t    @ TED MARKLEY
ENDING4.TXR.65	
ENDING4.TXR.66	Rex's Log Text @ STEVE MERETZKY
ENDING4.TXR.67	
ENDING4.TXR.68	Manual Text @ DOUG KAUFMAN
ENDING4.TXR.69	
ENDING4.TXR.70	Game Text @ JEFF CHARLEBOIS
ENDING4.TXR.71	\t  @ MATT GRUSON
ENDING4.TXR.72	\t  @ BRIAN REYNOLDS
ENDING4.TXR.73	
ENDING4.TXR.74	
ENDING4.TXR.75	
ENDING4.TXR.76	
ENDING4.TXR.77	THE ART TEAM
ENDING4.TXR.78	
ENDING4.TXR.79	Art Director @ KENN NISHIUYE
ENDING4.TXR.80	
ENDING4.TXR.81	Painting @ MIKE GIBSON (Lead)
ENDING4.TXR.82	\t @ NICHOLAS RUSKO-BERGER
ENDING4.TXR.83	\t @ KENN NISHIUYE
ENDING4.TXR.84	
ENDING4.TXR.85	Animation @ FRANK FRAZIER (Lead)
ENDING4.TXR.86	\t  @ CHARLES SHENTON
ENDING4.TXR.87	\t  @ KEN RACE
ENDING4.TXR.88	\t  @ CINDY LANG-BACHUR
ENDING4.TXR.89	\t  @ KEVIN BOEHM
ENDING4.TXR.90	\t  @ ANNE-MARIE COX
ENDING4.TXR.91	\t  @ JACKIE ROSS
ENDING4.TXR.92	\t  @ PATRICK DOWNEY
ENDING4.TXR.93	\t  @ KENN (again)
ENDING4.TXR.94	
ENDING4.TXR.95	3-D Animation @ MATT GRUSON
ENDING4.TXR.96	\t      @ ANDY LAKEN
ENDING4.TXR.97	
ENDING4.TXR.98	3-D Models @ FRANK VIVIRITO
ENDING4.TXR.99	\t   @ ANDY LAKEN
ENDING4.TXR.100	\t   @ GINNY SCHMIDT
ENDING4.TXR.101	\t   @ MAX REMINGTON
ENDING4.TXR.102	
ENDING4.TXR.103	Lead Rotoscope Engineer
ENDING4.TXR.104	CHARLES SHENTON
ENDING4.TXR.105	
ENDING4.TXR.106	Rotoscoping and Image Processing Tools
ENDING4.TXR.107	MATT GRUSON
ENDING4.TXR.108	
ENDING4.TXR.109	Rotoscope Modeling @ DREW WILLIAMS
ENDING4.TXR.110	\t\t   @ BONNIE SHEEKS
ENDING4.TXR.111	\t\t   @ CLAIRE BAGBY
ENDING4.TXR.112	\t\t   @ CINDY LANG-BACHUR
ENDING4.TXR.113	\t\t   @ GINNY SCHMIDT
ENDING4.TXR.114	\t\t   @ FRANK FRAZIER
ENDING4.TXR.115	\t\t   @ SARAH FRAZIER
ENDING4.TXR.116	\t\t   @ NICHOLAS RUSKO-BERGER
ENDING4.TXR.117	\t\t   @ IRIS IDOKOGI
ENDING4.TXR.118	\t\t   @ ANNE-MARIE COX
ENDING4.TXR.119	\t\t   @ MIKE GIBSON
ENDING4.TXR.120	
ENDING4.TXR.121	Assistant to Mr. Nebular
ENDING4.TXR.122	MURRAY TAYLOR
ENDING4.TXR.123	
ENDING4.TXR.124	Assistant to Ms. Nebular
ENDING4.TXR.125	VICKI FORD
ENDING4.TXR.126	
ENDING4.TXR.127	Mr. Nebular's Stunt Double
ENDING4.TXR.128	KEN RACE
ENDING4.TXR.129	
ENDING4.TXR.130	Colonel Stone's Stunt Double
ENDING4.TXR.131	JOE HELLESEN
ENDING4.TXR.132	
ENDING4.TXR.133	Interface Animation Scripts
ENDING4.TXR.134	MIKE GIBSON
ENDING4.TXR.135	NICHOLAS RUSKO-BERGER
ENDING4.TXR.136	
ENDING4.TXR.137	
ENDING4.TXR.138	
ENDING4.TXR.139	
ENDING4.TXR.140	THE DEVELOPMENT TEAM
ENDING4.TXR.141	
ENDING4.TXR.142	Lead Programmer & Technical Director
ENDING4.TXR.143	BRIAN REYNOLDS
ENDING4.TXR.144	
ENDING4.TXR.145	Applications Programming @ GINNY SCHMIDT
ENDING4.TXR.146	\t\t\t @ PAUL LAHAISE
ENDING4.TXR.147	
ENDING4.TXR.148	MADS System Design @ MATT GRUSON
ENDING4.TXR.149	\t\t   @ BRIAN REYNOLDS
ENDING4.TXR.150	
ENDING4.TXR.151	MADS System Engineering
ENDING4.TXR.152	BRIAN REYNOLDS
ENDING4.TXR.153	
ENDING4.TXR.154	MicroProse Installation Utility
ENDING4.TXR.155	BRIAN REYNOLDS
ENDING4.TXR.156	
ENDING4.TXR.157	Alchemist @ DAVID McKIBBIN
ENDING4.TXR.158	
ENDING4.TXR.159	Programming Tidbits @ DETMAR PETERKE
ENDING4.TXR.160	\t\t    @ SCOTT PATTERSON
ENDING4.TXR.161	
ENDING4.TXR.162	Hardware Maintenance @ MIKE GOMEZ
ENDING4.TXR.163	\t\t     @ SAL VITALE
ENDING4.TXR.164	
ENDING4.TXR.165	
ENDING4.TXR.166	
ENDING4.TXR.167	THE SOUND TEAM
ENDING4.TXR.168	
ENDING4.TXR.169	Sound Department Management
ENDING4.TXR.170	KEN LAGACE
ENDING4.TXR.171	
ENDING4.TXR.172	Music Composed By
ENDING4.TXR.173	JEFFERY L. BRIGGS
ENDING4.TXR.174	
ENDING4.TXR.175	Sound Programming @ KEN LAGACE
ENDING4.TXR.176	\t\t  @ JIM McCONKEY
ENDING4.TXR.177	\t\t  @ ROLAND RIZZO
ENDING4.TXR.178	\t\t  @ SCOTT PATTERSON
ENDING4.TXR.179	
ENDING4.TXR.180	Foley Editor @ JIM McCONKEY
ENDING4.TXR.181	
ENDING4.TXR.182	Voice Track Editor @ SCOTT PATTERSON
ENDING4.TXR.183	
ENDING4.TXR.184	Voice Acting @ GREG KEMPER
ENDING4.TXR.185	\t     @ PAUL ELLIS
ENDING4.TXR.186	\t     @ SHANNON HEPBURN
ENDING4.TXR.187	
ENDING4.TXR.188	Blood Curdling Screams @ BRIAN and MATT
ENDING4.TXR.189	
ENDING4.TXR.190	
ENDING4.TXR.191	
ENDING4.TXR.192	
ENDING4.TXR.193	THE QUALITY ASSURANCE TEAM
ENDING4.TXR.194	
ENDING4.TXR.195	Q.A. Management @ AL ROIREAU
ENDING4.TXR.196	\t\t@ MICHAEL CRAIGHEAD
ENDING4.TXR.197	
ENDING4.TXR.198	Lead Tester @ FRANK BROWN
ENDING4.TXR.199	
ENDING4.TXR.200	Playtesting @ BILL BURTON
ENDING4.TXR.201	\t    @ ANDY MAZUREK
ENDING4.TXR.202	\t    @ DAVE ELLIS
ENDING4.TXR.203	\t    @ MIKE CORCORAN
ENDING4.TXR.204	\t    @ MIKE REA
ENDING4.TXR.205	\t    @ MICHAEL CRAIGHEAD
ENDING4.TXR.206	\t    @ AL ROIREAU
ENDING4.TXR.207	\t    @ DAVE OSBORN
ENDING4.TXR.208	\t    @ HARRY TEASLEY
ENDING4.TXR.209	\t    @ TED MARKLEY
ENDING4.TXR.210	\t    @ VAUGHN THOMAS
ENDING4.TXR.211	\t    @ SALLY STALCUP
ENDING4.TXR.212	\t    @ MICHELE ROIREAU
ENDING4.TXR.213	\t    @ DIETZEL BROWN
ENDING4.TXR.214	
ENDING4.TXR.215	
ENDING4.TXR.216	
ENDING4.TXR.217	
ENDING4.TXR.218	THE MARKETING TEAM
ENDING4.TXR.219	
ENDING4.TXR.220	Rex Nebular Project Manager
ENDING4.TXR.221	MONIQUE CARON
ENDING4.TXR.222	
ENDING4.TXR.223	Marketing Emperor
ENDING4.TXR.224	GERRY BLAIR
ENDING4.TXR.225	
ENDING4.TXR.226	Marketing Director
ENDING4.TXR.227	DEBBIE CHEEK
ENDING4.TXR.228	
ENDING4.TXR.229	Marketing Services Director
ENDING4.TXR.230	MARY HERRON
ENDING4.TXR.231	
ENDING4.TXR.232	Marketing Services Coordinator
ENDING4.TXR.233	BRENDA BLOOMFIELD
ENDING4.TXR.234	
ENDING4.TXR.235	Art Director @ JOHN EMORY
ENDING4.TXR.236	
ENDING4.TXR.237	Package Cover Art @ ERIC OLSON
ENDING4.TXR.238	
ENDING4.TXR.239	Package Design @ JOHN EMORY
ENDING4.TXR.240	\t       @ MOSHE MILICH
ENDING4.TXR.241	
ENDING4.TXR.242	Advertising Placement @ LINDSAY RIEHL
ENDING4.TXR.243	
ENDING4.TXR.244	Direct Mail Projects @ LINDSAY RIEHL
ENDING4.TXR.245	\t\t     @ ED KELLY
ENDING4.TXR.246	
ENDING4.TXR.247	Package and Advertising Copy
ENDING4.TXR.248	KEN HOHMAN
ENDING4.TXR.249	
ENDING4.TXR.250	Advertising Design @ FINLEY WEATHERFORD
ENDING4.TXR.251	
ENDING4.TXR.252	Newsletter Coverage @ GARY ALMES
ENDING4.TXR.253	
ENDING4.TXR.254	800 Sales @ KAREN REITER
ENDING4.TXR.255	\t  @ TERI HAYWARD
ENDING4.TXR.256	
ENDING4.TXR.257	Rex's Log and Manual Design
ENDING4.TXR.258	IRIS IDOKOGI
ENDING4.TXR.259	JOE MOREL
ENDING4.TXR.260	
ENDING4.TXR.261	Rex's Log Illustrations @ MARK GLIDDEN
ENDING4.TXR.262	
ENDING4.TXR.263	Public Relations @ KATHY GILMORE
ENDING4.TXR.264	
ENDING4.TXR.265	
ENDING4.TXR.266	
ENDING4.TXR.267	
ENDING4.TXR.268	No animals were hurt, maimed, squashed, mutilated,
ENDING4.TXR.269	run through garbage disposers, shredded, used to
ENDING4.TXR.270	test trash compactors, or otherwise damaged during
ENDING4.TXR.271	production of this game.  Honest.
ENDING4.TXR.272	
ENDING4.TXR.273	(CC) Closed Captioned for the sound card impaired.
ENDING4.TXR.274	
ENDING4.TXR.275	
ENDING4.TXR.276	
ENDING4.TXR.277	
ENDING4.TXR.278	
ENDING4.TXR.279	[sound=1]
ENDING4.TXR.280	***
ENDING4.TXR.281	
QUOTES.TXR.0	[background=910]
QUOTES.TXR.1	[spare0=911]
QUOTES.TXR.2	[spare1=912]
QUOTES.TXR.3	[spare2=913]
QUOTES.TXR.4	[driver=#sound.003]
QUOTES.TXR.5	[sound=11]
QUOTES.TXR.6	#[color0=0,63,20]
QUOTES.TXR.7	#[color1=0,45,10]
QUOTES.TXR.8	[color0=63,63,0]
QUOTES.TXR.9	[color1=45,45,0]
QUOTES.TXR.10	[go]
QUOTES.TXR.11	Selected Quotes From The
QUOTES.TXR.12	REX NEBULAR
QUOTES.TXR.13	Development Team
QUOTES.TXR.14	-------------------------------------------------
QUOTES.TXR.15	
QUOTES.TXR.16	
QUOTES.TXR.17	"Does room 309 have guard chunks or
QUOTES.TXR.18	 monster chunks on the floor?"
QUOTES.TXR.19	\t     -- @Mike Gibson
QUOTES.TXR.20	
QUOTES.TXR.21	"Conveniently, the bloody chunks fly
QUOTES.TXR.22	 into the next room."
QUOTES.TXR.23	\t     -- @Matt Gruson
QUOTES.TXR.24	
QUOTES.TXR.25	"I think he should wet himself."
QUOTES.TXR.26	\t     -- @Frank Frazier, scrounging
QUOTES.TXR.27	\t\t@for Rex animation ideas.
QUOTES.TXR.28	
QUOTES.TXR.29	"Do you know how embarrassing it is
QUOTES.TXR.30	 to walk into a store and ask to be
QUOTES.TXR.31	 shown an 'Elvis' costume?"
QUOTES.TXR.32	\t     -- @Kenn Nishiuye, having
QUOTES.TXR.33	\t\t@recently purchased
QUOTES.TXR.34	\t\t@Colonel Stone's costume.
QUOTES.TXR.35	
QUOTES.TXR.36	"Hey, Brian, do you want me to excrete this?"
QUOTES.TXR.37	\t     -- @Charlie Shenton
QUOTES.TXR.38	
QUOTES.TXR.39	/* Our dear Rex is blown in half. */
QUOTES.TXR.40	\t     -- @Ginny Schmidt (in daemon
QUOTES.TXR.41	\t\t@code comments).
QUOTES.TXR.42	
QUOTES.TXR.43	"That scream sounds too much like
QUOTES.TXR.44	 someone is poking him with a cattle prod."
QUOTES.TXR.45	\t     -- @Jeff Briggs, listening
QUOTES.TXR.46	\t\t@to our little collection
QUOTES.TXR.47	\t\t@of bloodcurdling screams.
QUOTES.TXR.48	
QUOTES.TXR.49	"As far as I'm concerned, 'delta'
QUOTES.TXR.50	 is a four letter word."
QUOTES.TXR.51	\t     -- @Kenn Nishiuye, admiring
QUOTES.TXR.52	\t\t@certain features of the
QUOTES.TXR.53	\t\t@sprite system.
QUOTES.TXR.54	
QUOTES.TXR.55	"You start with a big splat mark,
QUOTES.TXR.56	 and make a 'schlock-line' down
QUOTES.TXR.57	 to the actual chunk."
QUOTES.TXR.58	\t     -- @Matt Gruson, explaining
QUOTES.TXR.59	\t\t@the mechanics of a key
QUOTES.TXR.60	\t\t@animation.
QUOTES.TXR.61	
QUOTES.TXR.62	"Splunge."
QUOTES.TXR.63	\t     -- @Nick Rusko-Berger, when
QUOTES.TXR.64	\t\t@asked for his professional
QUOTES.TXR.65	\t\t@opinion of a background.
QUOTES.TXR.66	
QUOTES.TXR.67	"I don't want to get eaten while
QUOTES.TXR.68	 I'm testing this!"
QUOTES.TXR.69	\t     -- @Ginny Schmidt
QUOTES.TXR.70	
QUOTES.TXR.71	[page=0]
QUOTES.TXR.72	"But I REALLY think he should wet himself."
QUOTES.TXR.73	\t     -- @Frank Frazier
QUOTES.TXR.74	
QUOTES.TXR.75	"You can't print this sh--!"
QUOTES.TXR.76	\t     -- @Charlie Shenton to
QUOTES.TXR.77	\t\t@Gerry Blair, V.P., upon
QUOTES.TXR.78	\t\t@reading proposed ad
QUOTES.TXR.79	\t\t@copy for Rex.
QUOTES.TXR.80	
QUOTES.TXR.81	"No, the Roland sound is definitely working.
QUOTES.TXR.82	 I distinctly heard a dog getting squashed
QUOTES.TXR.83	 under a car."
QUOTES.TXR.84	\t     -- @Brian Reynolds, in one
QUOTES.TXR.85	\t\t@of the final bug meetings.
QUOTES.TXR.86	
QUOTES.TXR.87	"But why are you being so NICE to us?"
QUOTES.TXR.88	\t     -- @Michael Craighead and
QUOTES.TXR.89	\t\t@Mike Corcoran, after their
QUOTES.TXR.90	\t\t@first meeting with Matt
QUOTES.TXR.91	\t\t@and Brian.
QUOTES.TXR.92	
QUOTES.TXR.93	"Heh heh heh."
QUOTES.TXR.94	\t     -- @Matt and Brian (after
QUOTES.TXR.95	\t\t@their first meeting with
QUOTES.TXR.96	\t\t@Michael Craighead and
QUOTES.TXR.97	\t\t@Mike Corcoran).
QUOTES.TXR.98	
QUOTES.TXR.99	"So, do you think we can sell a game called
QUOTES.TXR.100	 'Rex Nebular and the Cosmic Gender Bender'?"
QUOTES.TXR.101	\t     -- @Bill Stealey, CEO
QUOTES.TXR.102	
QUOTES.TXR.103	"Can I be in the quotes?"
QUOTES.TXR.104	\t     -- @Bill Burton
QUOTES.TXR.105	
QUOTES.TXR.106	"Whatever you do, don't put me
QUOTES.TXR.107	 in the quotes."
QUOTES.TXR.108	\t     -- @Ted Markley
QUOTES.TXR.109	
QUOTES.TXR.110	"I know someone who beat up the
QUOTES.TXR.111	 Redskin Hog-ettes!"
QUOTES.TXR.112	\t     -- @Ken Race
QUOTES.TXR.113	
QUOTES.TXR.114	"Why can't I push the damn gurney?
QUOTES.TXR.115	How do you get across the damn stream?
QUOTES.TXR.116	Why can't I go to the damn pleasure dome?"
QUOTES.TXR.117	\t     -- @Al Roireau, exploring
QUOTES.TXR.118	\t\t@the limits of the
QUOTES.TXR.119	\t\t@possible.
QUOTES.TXR.120	
QUOTES.TXR.121	"Can we say 'damn' in the quotes?"
QUOTES.TXR.122	\t     -- Matt Gruson
QUOTES.TXR.123	
QUOTES.TXR.124	[page=1]
QUOTES.TXR.125	"It's a high level programming thing
QUOTES.TXR.126	 that we don't want to explain to you
QUOTES.TXR.127	 right now."
QUOTES.TXR.128	\t     -- @Kenn Nishiuye to
QUOTES.TXR.129	\t\t@Brian Reynolds (Lead
QUOTES.TXR.130	\t\t@Programmer).
QUOTES.TXR.131	
QUOTES.TXR.132	"Not!"
QUOTES.TXR.133	\t     -- @Charlie Shenton
QUOTES.TXR.134	
QUOTES.TXR.135	"I really mean it.  DON'T PUT
QUOTES.TXR.136	 ME IN THE QUOTES!"
QUOTES.TXR.137	\t     -- @Ted Markley
QUOTES.TXR.138	
QUOTES.TXR.139	"When Rex sees her coming, right before she
QUOTES.TXR.140	 squashes him, don't you think he would be
QUOTES.TXR.141	 really scared, and . . . wet himself?"
QUOTES.TXR.142	\t     -- @Frank Frazier
QUOTES.TXR.143	
QUOTES.TXR.144	"This is the color 'cyan' . . . do you guys
QUOTES.TXR.145	 know what cyan is?"
QUOTES.TXR.146	\t     -- @Paul Lahaise, addressing
QUOTES.TXR.147	\t\t@the Rex Art Team.
QUOTES.TXR.148	
QUOTES.TXR.149	"Next week, can we learn 'Magenta'?"
QUOTES.TXR.150	\t     -- @Cindy Lang-Bachur
QUOTES.TXR.151	
QUOTES.TXR.152	"FOOL!"
QUOTES.TXR.153	\t     -- @Brian Reynolds, every
QUOTES.TXR.154	\t\t@five minutes or so.
QUOTES.TXR.155	
QUOTES.TXR.156	"Has either Brian or Matt had therapy?"
QUOTES.TXR.157	\t     -- @Frank Brown, rhetorical
QUOTES.TXR.158	\t\t@question.
QUOTES.TXR.159	
QUOTES.TXR.160	"I think this is a bug."
QUOTES.TXR.161	\t     -- @Ginny Schmidt, as her
QUOTES.TXR.162	\t\t@screen went black.
QUOTES.TXR.163	
QUOTES.TXR.164	"I feel sorry for the poor schmucks
QUOTES.TXR.165	 who don't have a mouse."
QUOTES.TXR.166	\t     -- Dave Ellis
QUOTES.TXR.167	
QUOTES.TXR.168	"I want one."
QUOTES.TXR.169	\t     -- @Nick Rusko-Berger,
QUOTES.TXR.170	\t\t@plaintive cry.
QUOTES.TXR.171	
QUOTES.TXR.172	"We're not 'splatting-the-fuzzy,' we're
QUOTES.TXR.173	 just dropping a car on a dog."
QUOTES.TXR.174	\t     -- @Anonymous producer
QUOTES.TXR.175	
QUOTES.TXR.176	[page=2]
QUOTES.TXR.177	"The camera doesn't lie."
QUOTES.TXR.178	\t     -- @Frank Frazier, on
QUOTES.TXR.179	\t\t@rotoscoped art.
QUOTES.TXR.180	
QUOTES.TXR.181	dialog = dialog_create_just_f---ing_do_it( );
QUOTES.TXR.182	\t     -- @Slightly edited line of
QUOTES.TXR.183	\t\t@MADS library code.
QUOTES.TXR.184	
QUOTES.TXR.185	"I have an ace in my hole."
QUOTES.TXR.186	\t     -- @Kenn Nishiuye
QUOTES.TXR.187	
QUOTES.TXR.188	"I want a bat skeleton!"
QUOTES.TXR.189	\t     -- @Anne-Marie Cox,
QUOTES.TXR.190	\t\t@revealing her heart's
QUOTES.TXR.191	\t\t@desire.
QUOTES.TXR.192	
QUOTES.TXR.193	"Sound Blasters just don't DO good dogs!"
QUOTES.TXR.194	\t     -- @Jim McConkey, on trying
QUOTES.TXR.195	\t\t@to get Fido to bark.
QUOTES.TXR.196	
QUOTES.TXR.197	"If my wife finds out I had anything
QUOTES.TXR.198	 to do with this, I'll be in deep trouble."
QUOTES.TXR.199	\t     -- @Ted Markley
QUOTES.TXR.200	
QUOTES.TXR.201	"I want a divorce."
QUOTES.TXR.202	\t     -- @Ellen Markley
QUOTES.TXR.203	
QUOTES.TXR.204	"Hey, look!  This game has a cool 'quotes'
QUOTES.TXR.205	 thing at the end.  Let's put one in our
QUOTES.TXR.206	 game."
QUOTES.TXR.207	\t     -- @Brian Reynolds
QUOTES.TXR.208	
QUOTES.TXR.209	"Okay, but don't tell anyone we're ripping
QUOTES.TXR.210	 it off."
QUOTES.TXR.211	\t     -- @Matt Gruson
QUOTES.TXR.212	
QUOTES.TXR.213	"This streak of strange colors just appeared
QUOTES.TXR.214	 at the top of my screen.  But look how it
QUOTES.TXR.215	 disappears when I move the mouse over it."
QUOTES.TXR.216	\t     -- @Andy Mazurek (another
QUOTES.TXR.217	\t\t@day in the life of QA).
QUOTES.TXR.218	
QUOTES.TXR.219	"So what's the problem?  You found
QUOTES.TXR.220	 a bug; you fixed the bug!"
QUOTES.TXR.221	\t     -- @Brian Reynolds, to Andy.
QUOTES.TXR.222	
QUOTES.TXR.223	"Well, you could go and get a sex-change
QUOTES.TXR.224	 and come back as a female, so we definitely
QUOTES.TXR.225	 need the 'in-and-out' thing."
QUOTES.TXR.226	\t     -- @Matt Gruson
QUOTES.TXR.227	
QUOTES.TXR.228	
QUOTES.TXR.229	
QUOTES.TXR.230	
QUOTES.TXR.231	[sound=1]
QUOTES.TXR.232	
QUOTES.TXR.233	***
QUOTES.TXR.234	
QUOTES.TXR.235	
