39110	[title26][sentence]\nThis looks like a security station.  There are\na couple monitors on a desk with some\ncontrols on them.	[title26][sentence]\n看起來像是保全站。桌上有\n幾台螢幕，上面還有一些\n控制裝置。
39111	[title29][sentence]\nThis is the security station.  It was\nfrom here that you turned\noff all the force fields.	[title29][sentence]\n這是保全站。你就是在這裡\n把所有力場全部關掉的。
39112	[title25][sentence]\nYou give the grate a couple kicks\nand nothing happens.  You work up\na bit of adrenaline and try again.  This\ntime you hear a loud snap as the latch\ngives way.	[title25][sentence]\n你朝柵欄踹了幾腳，毫無\n反應。你鼓起腎上腺素再試\n一次，這回聽到「喀」一聲，\n門閂應聲斷裂。
39113	[title30][sentence]\nYou trashed the latch when\nyou first kicked this grate open,\nso now all it needs is a gentle\nlittle push . . . .	[title30][sentence]\n你第一次踹開這柵欄時就把\n門閂弄壞了，現在只要輕輕\n一推就行……
50410	[title27][sentence]\nOther than an expired insurance card\nand a couple of wadded up tissues,\nthere doesn't seem to be anything of\ninterest in the glove compartment.	[title27][sentence]\n除了一張過期保險卡和幾團\n揉皺的衛生紙，置物箱裡\n似乎沒什麼有意思的東西。
50411	[title27][sentence]\nYou recognize the controls here as\nthe type manufacturers are legally\nrequired to install, even though the\nvehicle is fully automated.  They\nlook like they would be barely \nadequate in the event the automatic\nsystem failed.	[title27][sentence]\n你認得這些控制裝置，是\n法規規定廠商必須安裝的\n那種，即使車子全自動也\n得裝。萬一自動系統故障，\n這些裝置看起來也只是\n聊勝於無。
50412	[title26][sentence]\nWhat a mess.  Whoever owned this car\nwas a serious slob.  Apart from the ubiquitous\nstuffed cat on the windshield, there is a pile of\nsoda cans on the floor and a layer of grime on all the\ncontrols.  The central control screen has a thick\nlayer of dust on it.	[title26][sentence]\n真是一團亂。這車的主人\n肯定是個邋遢鬼。除了擋風\n玻璃上那隻到處可見的絨毛\n貓，地上還堆了一堆汽水\n罐，所有控制裝置都蒙上一層\n污垢。中控螢幕上更積了\n厚厚一層灰。
50413	[title27][sentence]\nThis deodorizer ran out of 'pleasant-smelling\nevergreen disinfectant' about a hundred years ago.	[title27][sentence]\n這罐芳香劑的「清新常青\n消毒香」大概一百年前就\n用完了。
50414	[title26][sentence]\nBefore you say anything nasty about the\nperson who left these here, think about\nthe conditions inside of your refrigerator.	[title26][sentence]\n在你嫌棄留下這些東西的人\n之前，先想想自己冰箱裡的\n慘況吧。
50415	[title20][sentence]\nHA! Got one!  Oh.  Wait.  It's only\nsuction cupped there.  Drat!	[title20][sentence]\n哈！抓到一個了！喔，等\n等，原來只是吸盤黏在那裡。\n可惡！
50416	[title26][sentence]\nThrough the amber windshield you can\nsee part of the city, and all of a stuffed cat.	[title26][sentence]\n透過琥珀色擋風玻璃，你能\n看見部分城市景色，還有那\n隻絨毛貓的全貌。
50417	[title30][sentence]\nSince there is no rear windshield on this\ncar you assume this must actually be\na video display.  The rear-view camera\nappears to be dead.	[title30][sentence]\n這車沒有後擋風玻璃，你猜\n這其實是一塊顯示螢幕。\n後方攝影機似乎已經壞了。
50418	[title25][sentence]\nIt's mounted too well to be plucked off.	[title25][sentence]\n裝得太牢了，拔不下來。
50419	[title25][sentence]\nIt is disgusting and smelly.  In a way\nit makes you feel right at home.	[title25][sentence]\n又噁心又臭。某種程度上，\n讓你有種賓至如歸的感覺。
50420	[title30][sentence]\nNo.  Believe it or not this actually\nsmells worse than your own.  You would\ndo better just to keep yours until you\nfind some clean socks to change into.	[title30][sentence]\n不行。信不信由你，這東西\n比你自己的還臭。你還是\n先留著自己的，等找到乾淨\n襪子再換吧。
50421	[title32][sentence]\nYou fiddle with the car controls, but\nnothing seems to work.  Apparently, that\nlittle scanner doesn't like what it sees.	[title32][sentence]\n你擺弄了一下車上的控制\n裝置，但什麼都沒反應。\n看樣子那小小的掃描器不\n喜歡它看到的東西。
35210	[title27][sentence]\nThe scanner consists of a large square plate\nwith a hand-shaped depression in it.	[title27][sentence]\n這台掃描器是一塊大方板，\n上面有個手掌形狀的凹槽。
35211	[title29][sentence]\nThe monitor is no longer operational.  It\nappears that a kidney struck the front of the\npicture tube with enough impact energy\nto completely destroy the monitor.	[title29][sentence]\n這台螢幕已經報銷了。看樣子\n有顆腎臟以夠強的衝擊力，\n狠狠砸中映像管正面，把\n螢幕徹底砸壞了。
35212	[title30][sentence]\nThe monitor is no longer operational.  It\nappears that a rock struck the front of the\npicture tube with enough impact energy\nto completely destroy the monitor.	[title30][sentence]\n這台螢幕已經報銷了。看樣子\n有塊石頭以夠強的衝擊力，\n狠狠砸中映像管正面，把\n螢幕徹底砸壞了。
35213	[title22][sentence]\nThis display's information is probably\nuseful to someone.  But not to you.	[title22][sentence]\n這面板上的資訊大概對某些\n人有用，但對你沒用。
35214	[title20][sentence]\nWhoever modeled for this statue was\nobviously a beautiful woman.  You decide\nto consider a career in sculpting if you\never get off this planet.	[title20][sentence]\n幫這座雕像當模特兒的顯然\n是個大美女。你心想，要是\n能離開這顆星球，不如考慮\n改行當雕刻家。
35215	[title27][sentence]\nThis must have belonged to that dead\nguard over there.  You find it odd that\nthere is no tape in it.	[title27][sentence]\n這東西一定是那邊那個死\n守衛的。你覺得奇怪，裡面\n居然沒有錄音帶。
35216	[title26][sentence]\nIt's wrecked--like most things in this room.	[title26][sentence]\n壞了——跟這房間裡大多數\n東西一樣。
35217	[title26][sentence]\nYech!  An amputated arm lies on the\nfloor.  The hand is empty, and the elbow\nis bent slightly.	[title26][sentence]\n噁！地上躺著一隻斷手臂。\n手掌空空如也，手肘微微\n彎曲。
35218	[title25][sentence]\nYou ponder the possible uses of such a device.\nAfter a moment you give up.	[title25][sentence]\n你思考這裝置到底有什麼\n用途。想了半天，還是放棄了。
35219	[title25][sentence]\nIt's about time for you to find\nthat vase and get off this planet.	[title25][sentence]\n你也該去找那個花瓶，然後\n離開這顆星球了。
35220	[title27][sentence]\nYou haven't a clue what this gauge\nmeasures.	[title27][sentence]\n你完全搞不懂這個儀表在\n量什麼。
35221	[title21][sentence]\nThis where that guard put all your stuff\nwhen you were captured.	[title21][sentence]\n這就是你被抓時，那個守衛\n收走你所有東西的地方。
35222	[title25][sentence]\nGood news!  Most of your belongings are\nstill here.  What's missing has probably\nbeen taken away for analysis.	[title25][sentence]\n好消息！你的大部分家當\n都還在這裡。少掉的東西，\n八成是被拿去化驗了。
35223	[title26][sentence]\nWouldn't you know it: nothing but worthless\njunk.  It looks like they are long overdue for\ngarage sale.	[title26][sentence]\n你就知道：全是些不值錢的\n破爛。看來早該辦場車庫\n拍賣了。
35224	[title27][sentence]\nYou remember begin led down\nthis hall when you were captured.\nThe hall is now in pretty sad shape.	[title27][sentence]\n你記得被抓的時候曾被押著\n走過這條走廊。現在這裡\n慘不忍睹。
35225	[title25][sentence]\nThis is the security room where you\nhad that stimulating pat down.  Since \nthen things have changed for the worse.\nMost of the equipment is destroyed and\nthere is a dead guard lying on the floor.	[title25][sentence]\n這是保全室，你曾在這裡\n接受那次「刺激」的搜身。\n此後情況每況愈下。大部分\n設備都毀了，地上還躺著\n一具守衛的屍體。
35226	[title22][sentence]\nYou don't need any of these things.	[title22][sentence]\n這些東西你一樣都用不著。
35227	[title25][sentence]\nGood idea.  You never know when you'll\nget the urge to crank up some tunes.	[title25][sentence]\n好主意。誰知道你什麼時候\n會突然想聽點音樂呢。
35228	[title26][sentence]\nYou carefully pick up the amputated\narm.  You decide to carry it around\nfor as short a period of time as possible.	[title26][sentence]\n你小心翼翼撿起那隻斷手臂，\n決定盡量縮短帶著它的時間。
35229	[title25][sentence]\nThe desk is broken in about a thousand\nplaces.  The extent of the damage in\nthis room amazes you.	[title25][sentence]\n這張桌子大概斷成一千塊了。\n這房間的破壞程度讓你\n嘆為觀止。
35230	[title32][sentence]\nLook at that!  It's the same woman who\npatted you down and took away all\nyour stuff.  It doesn't look like she's \ngoing to be giving you any more pat-downs\nnow.  Too bad.  She appears to be missing\nan arm and one or more internal organs.	[title32][sentence]\n你看！就是那個搜你身、\n沒收你東西的女人。看樣子\n她是沒辦法再搜你身了。\n真可惜。她似乎少了一隻\n手臂，還有一兩個內臟。
35231	[title27][sentence]\nThere is another room through this\ndoorway.  It looks like it has had the\nsame kind of rough day this room has\nhad.	[title27][sentence]\n這道門後還有一個房間。\n看來它跟這間一樣，都經歷\n了慘烈的一天。
35232	[title18][sentence]\nThe table has been splintered.	[title18][sentence]\n這張桌子碎成木片了。
35233	[title29][sentence]\nThe projector has been damaged\nbeyond repair.  Your friend didn't\nmiss much coming through here.	[title29][sentence]\n這台投影機壞得無法修了。\n你那位朋友經過這裡時，\n可沒放過什麼東西。
35234	[title30][sentence]\nIt's a good thing your massive friend\ndidn't take this support out.  The whole\nroom probably would have caved in.\nAt least he showed some restraint.	[title30][sentence]\n幸好你那位大塊頭朋友沒把\n這根支柱拆掉，不然整間\n房間大概都會塌下來。至少\n他還算有點分寸。
35235	[title16][sentence]\nIt's completely destroyed.\n	[title16][sentence]\n完全毀了。\n
50510	[title30][sentence]\nThe view screen is to be divided into\nthree main regions.  The first describes\nyour currently selected destination; the\nsecond shows you a schematic map of\nthe city; and the third relays some system\nstatus information in characters that are\nmeaningless to you.	[title30][sentence]\n這面螢幕分成三個主要區塊：\n第一區顯示你目前選定的\n目的地；第二區是城市的\n示意地圖；第三區則顯示一些\n系統狀態資訊，只是那些\n文字對你來說毫無意義。
50511	[title24][sentence]\nThe control panel consists of a view screen,\nsome kind of indicator (which appears broken),\nand some buttons.\n	[title24][sentence]\n這面控制板包含一個螢幕、\n一個指示器（看起來壞了），\n還有幾個按鈕。\n
60110	[title30][sentence]\nThe street continues deep into the heart of the\ncity.  You can't help but notice what has got to\nbe the gaudiest condominium you have ever seen.\nA large sign announces the residence of someone\nwho must have a serious neon fetish.	[title30][sentence]\n這條街一路通向市中心。你\n忍不住注意到眼前這棟，大概\n是你見過最俗艷的公寓。一塊\n大招牌宣告這裡住著一個\n對霓虹燈有嚴重癖好的人。
60111	[title30][sentence]\nThe street continues deep into the heart of the\ncity.  You can't help but notice what has got to\nbe the gaudiest condominium you have ever seen.\nA large sign announces the residence of someone\nwho must have a serious neon fetish.  You notice\na pencil thin beam of light protruding from the\nroof.	[title30][sentence]\n這條街一路通向市中心。你\n忍不住注意到眼前這棟，大概\n是你見過最俗艷的公寓。一塊\n大招牌宣告這裡住著一個\n對霓虹燈有嚴重癖好的人。\n你還注意到屋頂伸出一道\n鉛筆細的光束。
60112	[title26][sentence]\nThis is the car you arrived in.  It has\nnot changed significantly since you\nleft it.	[title26][sentence]\n這就是你搭來的那輛車。\n自從你離開後，它沒什麼\n變化。
60113	[title26][sentence]\nThe large coliseum in the distance\noccupies several city blocks.  It is\nalmost as big as the sports arena you\nfrequent on Umbilica IV.	[title26][sentence]\n遠處那座巨大競技場佔了好\n幾個街區，大小幾乎媲美你\n常去的臍帶星四號體育館。
60114	[title24][sentence]\nThe buildings here do not interest you.	[title24][sentence]\n這裡的建築物引不起你的\n興趣。
60115	[title20][sentence]\nExploring this entire city on\nfoot would be a bad plan.  You\ndecide to stay close to the car.	[title20][sentence]\n徒步逛遍整座城市可不是\n什麼好主意。你決定待在車\n附近。
60116	[title33][sentence]\nThe balcony protrudes from the tackiest\ncondo in the history of modern architecture.\nThe white pillars make you wish you\nhad a chainsaw.  Francois would love\nthis place.	[title33][sentence]\n這座陽台，從現代建築史上\n最俗氣的公寓伸出來。那些\n白柱子讓你很想找台電鋸。\n法蘭索瓦一定會愛死這裡。
60117	[title16][sentence]\nThe entrance is wide open.	[title16][sentence]\n入口大大敞開著。
60118	[title27][sentence]\nThe vast cylindrical perimeter wall\nstretches hundreds of feet over\nyour head.  At the top, you can see\na circle of bright blue sky.	[title27][sentence]\n巨大的圓柱形外牆，在你\n頭頂上延伸數百呎高。牆頂\n可以看見一圈明亮的藍天。
60119	[title25][sentence]\nThe city stretches off into the distance.	[title25][sentence]\n城市向遠方延伸而去。
60120	[title30][sentence]\nAs you stare at the statue, your\nbladder begins to feel distinctly\nsmaller and tighter.  You quickly\nforce yourself to look away before\na horrible accident happens.\n\n	[title30][sentence]\n你盯著這座雕像看，膀胱\n突然覺得又小又緊。你趕緊\n強迫自己移開視線，免得\n發生什麼糗事。\n\n
31810	[title27][sentence]\nThe walls here look like they are\ncoated with something.  It's\nprobably some sort of sound\nisolation.	[title27][sentence]\n這裡的牆壁看起來塗了些\n什麼，大概是某種隔音材料。
31811	[title26][sentence]\nAfter being hit by that guard you\ngot to know the floor pretty well.\nIt doesn't hold your attention any\nlonger now than it did then.	[title26][sentence]\n被那個守衛揍過之後，你跟\n這片地板已經很熟了。現在\n看它，也不比當初更有\n興趣。
31812	[title25][sentence]\nThis corridor leads back to the cell block.	[title25][sentence]\n這條走廊通回牢房區。
31813	[title19][sentence]\nThere is a strange device part way down\nthis corridor.	[title19][sentence]\n走廊中段有個奇怪的裝置。
31814	[title28][sentence]\nJudging by the size of the faucet there\nmust be a great deal of  cleaning up\nto do around here.  You wonder what\nsort of activity would require such\nfrequent large-scale cleaning.	[title28][sentence]\n看這水龍頭的尺寸，這裡\n一定常常要大清洗。你很\n好奇，到底是什麼活動需要\n這麼頻繁的大規模清潔。
31815	[title18][sentence]\nThis looks like a normal sink.	[title18][sentence]\n看起來是個普通的水槽。
31816	[title20][sentence]\nThis must be where they put the\nless cooperative 'guests'.	[title20][sentence]\n這裡大概是關那些「不太\n合作的貴賓」的地方。
31817	[title21][sentence]\nThis large, sharp, intimidating blade\nsends a shiver down your spine.	[title21][sentence]\n這把碩大鋒利、殺氣騰騰\n的刀刃，讓你不寒而慄。
31818	[title13][sentence]\nThe monitor is not on.	[title13][sentence]\n螢幕沒開。
31819	[title26][sentence]\nThese are the strangest cabinets you\nhave ever seen.  They look more like\nfiling slots for loose limbs.  Your curiosity\nregarding their contents quickly subsides.	[title26][sentence]\n這是你見過最詭異的櫃子，\n看起來更像是放散落肢體\n的檔案格。你對裡面裝什麼\n的好奇心，瞬間就消退了。
31820	[title24][sentence]\nThe equipment here is not unlike the\nequipment in the rest of this complex.\nIts purpose is completely beyond you.	[title24][sentence]\n這裡的設備跟這棟建築其他\n地方的差不多，用途完全\n讓你摸不著頭緒。
31821	[title25][sentence]\nThere are a few small red stains on the\nshelf.  It is otherwise uninteresting.	[title25][sentence]\n架子上有幾個小紅斑點，\n除此之外沒什麼看頭。
31822	[title18][sentence]\nFor the moment, this is home.	[title18][sentence]\n目前，這裡就是你家。
31823	[title25][sentence]\nYou are all too familiar with this\ngurney.  You have no urge to lie\non it ever again.	[title25][sentence]\n你對這張推床太熟悉了，\n完全不想再躺上去。
31824	[title27][sentence]\nThis must be where the attending 'physician'\nkeeps medical instruments.  The only items\nof note on it are a corkscrew, a feather, and\na scalpel.  These do not look like 'friendly'\ninstruments.	[title27][sentence]\n這裡大概是那位「主治醫師」\n擺放醫療器械的地方。上面\n值得一提的只有開瓶器、\n羽毛，還有一把手術刀。\n這些看起來都不像什麼\n「善意」的器具。
31825	[title27][sentence]\nThis is the small table you stole\nthe scalpel from.  There are not\nany instruments on it just now.	[title27][sentence]\n這就是你偷走手術刀的那張\n小桌子。現在上面已經沒有\n任何器械了。
31826	[title27][sentence]\nThis must be some sort of examination room.\nFrom your 'secure' position you see a large\nsaw blade, a pretty intern, and the ceiling.	[title27][sentence]\n這裡大概是某種診察室。\n從你「安穩」的姿勢望去，\n只看得到一片大鋸片、一位\n漂亮的實習醫生，還有天花板。
31827	[title30][sentence]\nThis is the medical examination room.\nThat pretty girl has left.  She must have finished\nwhatever she was doing with the instruments on the\ntable.	[title30][sentence]\n這是醫療診察室。那位漂亮\n女孩已經離開了。她大概是\n把桌上那些器械要做的事\n做完了。
31828	[title22][sentence]\nThis is the medical examination room.	[title22][sentence]\n這是醫療診察室。
31829	[title25][sentence]\nSorry, they are locked and there\nis no obvious locking mechanism\nor insertion point for a key.	[title25][sentence]\n抱歉，它們是鎖著的，而且\n看不出明顯的鎖具或插鑰匙\n的地方。
31830	[title25][sentence]\nThis pretty young woman is tinkering\nwith something on the instrument table.	[title25][sentence]\n這位漂亮的年輕女子正在\n器械桌上擺弄著什麼東西。
31831	[title24][sentence]\nThe door is locked, barred, and probably\nwelded closed.  This is one woman you\nwon't be snooping on.  Besides, what if\nshe were actually in there?	[title24][sentence]\n這扇門上了鎖、加了閂，\n大概還被焊死了。這位女士\n你是別想偷窺了。再說，\n萬一她真的在裡面呢？
31832	[title25][sentence]\nThis woman is definitely 'well done'.  This\nmust be the professor the intern went to check\non after that explosion.  She has a tape recorder\nin her hand.	[title25][sentence]\n這位女士絕對是「烤得很\n透」了。她應該就是實習\n醫生在爆炸後跑去探望的\n那位教授。她手裡還握著一台\n錄音機。
31833	[title27][sentence]\nShe appears to have quite a grip on\nthe tape recorder. There is an audio\ntape inside it.	[title27][sentence]\n她似乎緊緊抓著那台錄音機\n不放。裡面還有一捲錄音帶。
31834	[title27][sentence]\nThis is the tape recorder you got\nthat little audio tape from.  She still\nhas a death-grip on it.	[title27][sentence]\n這就是你拿到那捲小錄音帶\n的錄音機。她還是死抓著\n不放。
31835	[title25][sentence]\nYou can't get the tape recorder loose from\nher fingers.  She has a death-grip on it that\nyou just can't break.  You do manage to\nopen it and take out a small cassette.	[title25][sentence]\n你沒辦法從她指縫間扳開\n錄音機，她死抓著不放，\n你怎麼掰都掰不開。不過你\n倒是設法打開機身，取出了\n一捲小卡帶。
31836	[title26][sentence]\nThe professor's gurney is currently\nholding the charred professor off the floor.	[title26][sentence]\n教授的推床，目前正撐著\n這位焦黑的教授，讓她不至於\n躺在地上。
31837	[title32][sentence]\nQuickly, while the intern is out of\nthe room, you reach out and grab the\nscalpel.  You squirrel it away in your\nsleeve and hope that no one will notice\nits absence.\n	[title32][sentence]\n趁實習醫生不在房間裡，\n你迅速伸手抓起那把手術刀，\n偷偷藏進袖子裡，希望沒人\n會發現它不見了。\n
51310	[title27][sentence]\nYou look up the elevator shaft.  You\ncan see that it does not stop at the upper\nlevel of the city, but in fact runs all the\nway up to the rim of the cylinder which the\ncity was built in.	[title27][sentence]\n你抬頭望向電梯井，發現\n它不是只通到城市的上層，\n而是一路通到整座城市所在\n圓柱體的邊緣。
51311	[title29][sentence]\nThe elevator door is closed.  There is,\nhowever, a card slot adjacent to the left door.	[title29][sentence]\n電梯門是關著的。不過左側\n門旁有個插卡槽。
51312	[title25][sentence]\nIt appears that the elevator doesn't\nwork without some sort of access card.	[title25][sentence]\n看樣子沒有某種通行卡，\n電梯就無法運作。
51313	[title29][sentence]\nThis culture must have taken their\ndesignated handicapped parking spaces\nseriously.  In fine print, at the bottom of\nthe sign, you read: "Violators will be given\ngood reason to park here."	[title29][sentence]\n這個文化顯然很重視身障\n專用停車格。告示牌底部的\n小字寫著：「違規停車者，\n將有充分理由停在這裡。」
51314	[title26][sentence]\nThis looks like a hitching post for\nhorses.  The presence of such a device\nstrikes you as out of place in a city\nwhich uses MLV's for transportation.	[title26][sentence]\n這看起來像是拴馬樁。在\n一座用磁浮車代步的城市裡，\n出現這種東西讓你覺得格格\n不入。
51315	[title26][sentence]\nNow THAT is a big mall.  There is\nno end in sight.  There is no entrance\nin sight, for that matter.  The mere thought\nof entering a mall sends shivers down\nyour spine.	[title26][sentence]\n這才叫大型購物中心。看不\n到盡頭，說真的，連入口\n都看不到。光是想到要走\n進購物中心，就讓你不寒而\n慄。
51316	[title25][sentence]\nSomeone was running a special on\ninternal organs.  You wonder if they\nwere being sold as replacements, or as\nstew meat.	[title25][sentence]\n有人在特價賣內臟。你不\n知道那是要拿去當替換器官，\n還是燉湯用的肉。
51317	[title25][sentence]\nThe street stretches off into the bowels\nof the city.  You decide that it would be\nbest if you stayed close to the car.	[title25][sentence]\n這條街一路通向城市的\n深處。你覺得還是待在車\n附近比較妥當。
51318	[title29][sentence]\nThe street ends here.  You are at the edge\nof the cylinder in which the city is built.\nYou are between a mall and an elevator.	[title29][sentence]\n這條街到這裡就到底了。\n你正站在城市所在圓柱體的\n邊緣，夾在購物中心和電梯\n之間。
51319	[title25][sentence]\nIt's a safe bet that card slot adjacent to the left\ndoor operates the elevator.	[title25][sentence]\n十之八九，左側門旁那個\n插卡槽就是用來啟動電梯的。
51320	[title29][sentence]\nIt won't fit.  Don't forget where you got\nthat security card.  It is no great surprise\nthat it's useless in this city.	[title29][sentence]\n插不進去。別忘了那張保全\n卡是哪來的，在這座城市裡\n派不上用場也不奇怪。
51321	[title22][sentence]\nIt hasn't changed while parked here.	[title22][sentence]\n停在這裡之後，它沒什麼\n變化。
51322	[title29][sentence]\nThe brick continues up to the next level,\nthen gives way to sheet metal.  You pause\nagain to marvel at the size of the cylinder\nin which this enormous city is built.\n	[title29][sentence]\n磚牆一路延伸到上一層，\n再往上就換成鐵皮。你再次\n停下腳步，驚嘆這座巨城所在\n圓柱體的規模。\n
50310	[title26][sentence]\nThe monitoring equipment looks like it\nmust have been used to keep tabs on\nvarious automatic functions of the city.	[title26][sentence]\n這套監控設備看起來是用\n來監看城市各種自動化功能\n的。
50311	[title25][sentence]\nYou are quite familiar with the Lemington OK-4\nphoton rifle.  It fires a coherent stream of\nphotons at the target, burning it to a crisp.	[title25][sentence]\n你對雷明頓 OK-4 光子步槍\n相當熟悉。它會朝目標發射\n一道相干光子束，把對方燒得\n焦黑酥脆。
50312	[title16][sentence]\nNot a chance.  The display case is impenetrable.	[title16][sentence]\n想都別想。這展示櫃堅不\n可摧。
50313	[title22][sentence]\nThe lovely display case holds a few\ninteresting weapons.  Unfortunately the\ncase is made of a material that is\ntruly Rex-proof.	[title22][sentence]\n這座漂亮的展示櫃裡擺著\n幾件有趣的武器。可惜櫃子\n的材質是貨真價實的「雷克斯\n剋星」。
50314	[title32][sentence]\nCool!  You saw one of these on display\nat a future weapons conference.  The\nexhibition was phenomenal.  Ever since\nthen, you've always wanted to carry one\naround in your back pocket.	[title32][sentence]\n酷！你曾在一場未來武器\n展上看過這玩意兒展出，\n那場展覽精彩絕倫。從那時\n起，你就一直想在後口袋\n裡揣一把。
50315	[title26][sentence]\nYou are a bit thirsty, but the water\nlooks stagnant.  The bottle probably\nhasn't been changed in at least a\nhundred years.	[title26][sentence]\n你有點口渴，但這水看起來\n死氣沉沉。這瓶水大概至少\n一百年沒換過了。
50316	[title27][sentence]\nThis large wooden box does not appear\nto have any openings.  You would think\nthe top would lift off, but can't get it to\nbudge.	[title27][sentence]\n這個大木箱看起來沒有任何\n開口。你以為蓋子能掀開，\n但怎麼弄都紋風不動。
50317	[title27][sentence]\nYou grunt and groan but accomplish nothing.\nThere must be some trick to it.	[title27][sentence]\n你又哼又喊，卻毫無進展。\n這裡頭一定有什麼訣竅。
50318	[title25][sentence]\nYou get an eerie feeling that maybe you \nshouldn't be here.  It's the same feeling\nyou had right before you were blown out\nof the sky.	[title25][sentence]\n你有種毛骨悚然的預感，\n覺得自己不該出現在這裡。\n跟你被轟出天際前的感覺\n一模一樣。
50319	[title26][sentence]\nYou assume that this is where the booking process\ntakes place.  Reading you your rights, thumb\nprinting, taking mug shots . . . YOU know the routine.	[title26][sentence]\n你猜這裡就是辦理登記\n的地方。宣讀權利、按\n指紋、拍大頭照……你懂\n這套流程。
50320	[title25][sentence]\nThe monitor displays pertinent\ninformation on suspects, such as hair\ncolor, height, weight, social diseases, etc.	[title25][sentence]\n這台螢幕顯示嫌犯的相關\n資料，像是髮色、身高、\n體重、性病史等等。
50321	[title25][sentence]\nThis is an odd place for a filing cabinet.\nThey must have been moving it.	[title25][sentence]\n檔案櫃放在這裡真奇怪。\n他們大概正在搬動它。
50322	[title26][sentence]\nThe cabinets are empty.  They must have been\nmoving this just before they all went . . . where?	[title26][sentence]\n櫃子是空的。他們一定是在\n全部離開之前，正搬到一半\n就……去哪了？
50323	[title25][sentence]\nThe box contains a pair of odd-looking\nobjects that resemble detonators\nfor explosives.	[title25][sentence]\n箱子裡裝著一對造型古怪的\n東西，看起來像是炸藥用的\n雷管。
50324	[title13][sentence]\nThe box is now empty.	[title13][sentence]\n箱子現在空了。
50325	[title20][sentence]\nIt looks like someone left behind\na couple of detonators.	[title20][sentence]\n看樣子有人留下了幾個\n雷管。
50326	[title26][sentence]\nYou carefully pick up the detonators\nand put them gingerly in your pocket, \nmaking a mental note not to do any\njumping jacks for a while.	[title26][sentence]\n你小心翼翼撿起雷管，輕輕\n放進口袋，並在心裡告訴\n自己，這陣子最好別做開合\n跳。
50327	[title18][sentence]\nYou see the edge of the city, and the\nsky above.	[title18][sentence]\n你看見城市的邊緣，還有\n上方的天空。
50328	[title29][sentence]\nThe display case to the right contains\nseveral interesting weapons.  There is\na guard station on the left, complete\nwith all manners of law enforcement\nequipment.	[title29][sentence]\n右邊的展示櫃裡放著幾件\n有趣的武器。左邊則是警衛\n站，配備各種執法裝備一應\n俱全。
50329	[title25][sentence]\nYou would probably need a nuclear bomb \nto get this impenetrable case opened.	[title25][sentence]\n想打開這個堅不可摧的櫃子，\n大概得動用核彈。
50330	[title27][sentence]\nIt would most likely bounce off and possibly\nbean you in the head.  Save your strength. \n	[title27][sentence]\n那東西多半會彈回來，\n說不定還會砸中你的頭。\n
61110	[title24][sentence]\nA lone man seems the only inhabitant of\nthis grungy alley.  Several pairs of red\neyes watch you from dark hiding places.	[title24][sentence]\n這條髒亂的小巷裡，似乎\n只住著一個孤零零的男人。\n幾雙紅眼睛從陰暗的角落\n盯著你看。
61111	[title25][sentence]\nSince Herman has gone to his place in the woods,\nonly a few small rodents remain to scurry about\nin the alley.	[title25][sentence]\n自從賀曼去了他林子裡的\n住處後，巷子裡就只剩幾隻\n小型鼠類到處竄。
61112	[title24][sentence]\nThe man in the alley seems extremely nervous\nin your presence.  He looks as though he hasn't\ntaken a bath in a year or two.  You don't know\nwhat the native life span is, but he looks ancient.\nHe is wearing some kind of personal stereo.	[title24][sentence]\n巷子裡這個男人，一看到你\n就顯得極度緊張。他看起來\n大概一兩年沒洗澡了。你不\n知道這裡的人平均壽命多長，\n但他看起來老態龍鍾。他身上\n還戴著某種隨身音響。
61113	[title25][sentence]\nAll sorts of trash has been dumped here.\nThis looks like your bedroom on the Pig.	[title25][sentence]\n這裡堆滿了各式各樣的垃圾，\n看起來就像你在油豬號上的\n臥室。
61114	[title17][sentence]\nYou have absolutely no use for two thousand\npounds of miscellaneous trash.	[title17][sentence]\n兩千磅的雜七雜八垃圾，\n你一點用處都沒有。
61115	[title21][sentence]\nThis could hold a large appliance for shipping\nor a mid-sized person for sleeping.	[title21][sentence]\n這東西可以裝下一台大型\n家電來運送，或是讓一個\n中等身材的人躺著睡覺。
61116	[title22][sentence]\nWhat are you going to do with that?\nTake it home and play in it?	[title22][sentence]\n你打算拿那個做什麼？\n扛回家當玩具玩嗎？
61117	[title25][sentence]\nIt has already been opened wide enough for you to realize\nthat it is empty.	[title25][sentence]\n它已經開得夠大了，你一眼\n就看得出裡面是空的。
61118	[title21][sentence]\nThe refrigerator looks older that the\nhermit.  Rust has replaced the enamel\nfinish in most places.  The hinges also\nappear to be badly rusted.	[title21][sentence]\n這台冰箱看起來比那位隱士\n還老。搪瓷早已被鐵鏽取代，\n幾乎整台都是。鉸鍊看起來\n也鏽得很嚴重。
61119	[title19][sentence]\nNot likely.  Those hinges might as\nwell be welded solid.	[title19][sentence]\n別妄想了。那些鉸鍊簡直\n跟焊死沒兩樣。
61120	[title25][sentence]\nThe last thing you need now is a hernia.\nYou don't normally go around trying\nto stuff major appliances into your\npocket.  Why start now?	[title25][sentence]\n你現在最不需要的就是疝氣。\n你平常也不會沒事把大型\n家電塞進口袋，現在何必\n破例？
61121	[title27][sentence]\nThe large buildings surrounding the\nalley are weather worn and covered\nwith graffiti.	[title27][sentence]\n巷子四周的大樓，一個個\n風吹雨打、滿是塗鴉。
61122	[title32][sentence]\nFor the most part, the graffiti on the wall\nis no different from that which can be\nfound in any city on any world.  However,\na few random scribblings like "73766,347"\nand "PTJT50A" strike you as unusual.\nThere are several good limericks and a\ncandid opinion about the questionable\nparentage of someone named Bruce.  A\nwave of poetic inspiration comes over\nyou, but after searching your pockets you\nrealize you forgot to bring your spray paint can.	[title32][sentence]\n牆上的塗鴉大多跟任何星球\n任何城市看到的沒兩樣。不過\n有幾行亂寫的字，像是\n「73766，347」和「PTJT50A」，\n讓你覺得有點奇怪。還有幾首\n不錯的打油詩，以及對一個叫\n布魯斯的傢伙身世的坦白\n評論。一股詩興突然湧上心頭，\n可惜翻遍口袋才發現，你忘了\n帶噴漆罐。
