10127	[title32][sentence]\nThis panel provides access to the shield\nsubsystem circuits and enhancement slots.\nIt is currently closed.	
10128	[title32][sentence]\nThe shield access panel is now open, revealing\nthe shield subsystem circuits and enhancement\nslots.  In one of the slots is the 51-prong\nquadratic shield modulator which you keep here\n"just in case."  It should come loose if you\ntug on it.	
10129	[title32][sentence]\nThe shield access panel is now open, revealing\nthe shield subsystem circuits and enhancement\nslots.  One of the slots is empty, since you\nhave appropriated the shield modulator for some\nhidden purpose of your own.	
10130	[title26][sentence]\nIt's already open!	
10131	[title26][sentence]\nLo and behold!  You're already sitting\nin it.\n	
70610	[title25][sentence]\nYou assume that this ornate parlor\nmust have belonged to someone wealthy\nand powerful.  Beautifully painted\nportraits adorn the walls; rare porcelain\npieces sit on small custom shelves; and\nin the middle of it all, a unique-looking vase\nsits on a majestic pedestal.	
70611	[title33][sentence]\nYou assume that this ornate parlor\nmust have belonged to someone wealthy\nand powerful.  Beautifully painted\nportraits adorn the walls and rare\nporcelain pieces sit on small custom\nshelves.	
70612	[title18][sentence]\nBlack and white tiles interlock to\nform the solid marble floor.	
70613	[title19][sentence]\nSeveral large pillars reach majestically\ntoward the ceiling.  They appear to be\nsolid marble.	
70614	[title24][sentence]\nThe small fragile teacups appears to be\nmade of  extremely fine porcelain.	
70615	[title25][sentence]\nDainty teacups aren't you style; you're\nmore of a 'dirty coffee mug' kind of guy.	
70616	[title25][sentence]\nAlthough pretty, this vase does not\nmatch the description Colonel Stone gave\nyou.	
70617	[title26][sentence]\nThree hand-painted oil paintings grace\nthe northern wall of the room.  There\nappears to be a family resemblance\nbetween these gentlemen, but you do not\nrecognize any of them.  There are\nnameplates beneath each portrait.	
70618	[title20][sentence]\nFrom left to right they read:\n"Sputatious T. Bigfish", "W. Widepipe Bigfish",\nand "Benjamin Deeppost Bigfish".  The devious\nlooks in their eyes convince you that these\nportraits represent three generations of\npoliticians.	
70619	[title29][sentence]\nSeveral portraits and porcelain pieces\ndecorate the walls of this lavish parlor.\nYou can't help but feel that there is something\nodd about the decorative metal studs that\nline the tops of the walls.	
70620	[title19][sentence]\nA lovely violet crystal vase sits\natop the decorative pedestal.	
70621	[title20][sentence]\nThe pedestal appears odd without the\nvase sitting on it.	
70622	[title22][sentence]\nThe bottle doesn't seem appropriate\nsitting on the ornate pedestal, but it\ndid fool the security system.	
70623	[title27][sentence]\nYou have become completely familiar\nwith the teleporters.  This unit, however,\nis the most tastefully decorated teleporter\nyou have seen.  It is obviously a privately\nowned unit.	
70624	[title19][sentence]\nThis is it!  You are elated to finally be\nwithin arms reach of Colonel Stone's\nprecious vase!  Light scintillates through\nthe lavender-colored crystal.	
70625	[title27][sentence]\nNice security system.  The moment you\nlifted that vase off the pedestal, you had\na bad accident involving a half dozen\nlaser beams.  You have only a few\nseconds to ponder the problem before\nyour scorched body expires.	
70626	[title25][sentence]\nThat won't work, the [noun1] is\nmuch too heavy.	
70627	[title25][sentence]\nThat won't work, the [noun1] is\nfar too light.	
70628	[title21][sentence]\nUnfortunately, the bottle was too light.\nYou consider the gravity of your error\nas small wisps of smoke curl up from\nthe depths of your thoracic cavity.	
70629	[title25][sentence]\nUnfortunately, the bottle was too heavy.\nYou have mere moments to consider\nyour error before the charred remains\nof your heart issue a final thump.	
70630	[title32][sentence]\nAt last!  After all you've been through,\nyou finally have your hands on Colonel\nStone's precious vase!  The many possible\nuses for 75,000 galactars flash through your head:\na new ship, Lolita, a lifetime supply of fire wood, Lolita,  . . . .	
70631	[title32][sentence]\nThat would be pretty foolish, considering\nthe elaborate procedures you just went\nthrough to defeat the security system.	
70632	[title32][sentence]\nThe bottle now rests on the pedestal, and\napparently has just the right amount of\nwater in it to fool the security system.\nYou saw that trick in a movie once, and you\nare glad you got it right, since you wouldn't\nwant to be chased through the room by a giant\nboulder.	
60411	[title27][sentence]\nYou are at the edge of the city, beneath\nthe gigantic cylindrical perimeter wall,\nin front of a large glass viewport.	
60412	[title30][sentence]\nAs you look out into the ocean you\npause and think.  The engineering that\nwent in to this city amazes you.  Building\na metropolis in a volcano cone BELOW\nsea-level is quite an accomplishment.	
60413	[title26][sentence]\nAs you look out into the ocean you\npause and think.  The engineering that\nwent into this city amazes you.  Building\na metropolis in a volcano comb BELOW\nsea-level is quite an accomplishment.\nSomething in the water seems to have taken\nan interest in you.	
60414	[title27][sentence]\nYou are standing at the base of the\ncylindrical perimeter wall.  The\nviewport is recessed into the wall,\nsuggesting that the wall is quite\nthick.	
60415	[title21][sentence]\nYou don't want to look at another\nair vent for the rest of your life.	
60416	[title22][sentence]\nThe indicator is giving an indication\nindicative of something indicating\nsomething else.  Just what that\nindication is escapes you completely.	
60417	[title22][sentence]\nThe sculpture resembles a cube with\na lightning bolt glued to it.  You do\nnot understand the significance of this\nshape.	
60418	[title20][sentence]\nThis is the car you arrived in.\nIt still looks the same as when you\ngot here.	
60419	[title22][sentence]\nThe small fountain under the statue\nis not currently running.  The water\nin the pool is probably stagnant.	
60420	[title27][sentence]\nA thought:  If you want to blow the\nviewport up, don't you think you\nshould be able to get away first?\nSetting that bomb off in your hands\nwould not be good for your\ncomplexion.	
60421	[title29][sentence]\nYou carefully place the time bomb on the\nsmall ledge in front of the window.  You\nset the timer for five minutes, but get a little\nnervous when the timer jumps from 4:49 to\n4:02.  This timer must be a little flaky--you\nshould probably seek safety NOW!	
60422	[title17][sentence]\nDon't you think you should be leaving\nright about now?	
60423	[title25][sentence]\nYou carefully disarm the time bomb,\nand slip it back in your pocket.	
60424	[title32]NOVICE LEVEL WARNING\nWatch out!  Blowing up that window\nwill commit you irrevocably to a course\nof action.  You don't yet have everything\nyou need to solve the puzzles in the next\nsection of the game, so blowing it up now\nwould prevent you from winning.  Go back\nand search carefully, then try putting the\nbomb on the ledge again later when you think\nyou are ready.  In particular, be sure to\nbring something yummy to feed to that sea\nmonster.	
60425	[title32]INTERMEDIATE LEVEL WARNING\nWatch out!  Blowing up that window\nwill commit you irrevocably to a course\nof action.  If you haven't found everything\nyou need to solve the puzzles in the next\nsection of the game, blowing up the window\nnow will prevent you from winning.  We therefore\nsuggest that you save your game now.  Then,\nissue this command again to place the bomb.\nThat way, if you get stuck, you can come back\nto this point and find the additional items\nthat you need.\n	
70210	[title26][sentence]\nYou are standing on the eastern half of this small\nmaintenance platform.  A pile of bones lies\nscattered around the teleporter entrance.	
70211	[title27][sentence]\nThe rim of the city is obviously the top\nof the volcano cone.  The short section\nyou are standing on has been paved, and\nyou imagine that it must be a maintenance\nplatform.	
70212	[title26][sentence]\nYou have no clues as to what purpose\nthis cement block could possibly have served.	
70213	[title25][sentence]\nA cone of igneous rock surrounds the rim\nof the city.  The sunlight washes warmly over\nit's pocked blue-purple surface.	
70214	[title16][sentence]\nYou don't need any pumice.	
70215	[title20][sentence]\nTo the west you see the elevator\nthat brought you here.	
70216	[title25][sentence]\nThis looks like every other teleporter\non the planet,  although it does seem\ndarker inside that most of the other\nteleporters.	
70217	[title18][sentence]\nA nearly complete humanoid skeleton lies\nscattered about near the teleporter entrance.\nThere are many recognizable bones in the\nsmall heap.	
70218	[title18][sentence]\nYou carefully select a bone\nfrom the heap and pick it up.	
70219	[title18][sentence]\nDon't get greedy, you already have two bones.	
70220	[title21][sentence]\nThe city is completely under water.\n	
70310	[title25][sentence]\nThis could be trouble.  This is the same beast\nthat expressed an interest in your nutritional\nvalue at the viewport in the city.  He seems to\nbe trying to decide if you are an appetizer or\nan entree.  You should probably act with haste.	
70311	[title27][sentence]\nA few monster chunks still float around\njust below the surface.  You can't see\nanything of the city you destroyed.	
70312	[title25][sentence]\nYou are currently sharing the water\nwith a large hungry-looking cycloptic\nbeast.  You may want to do something\ninstead of just sitting there like an hors d'oeuvre.	
70313	[title27][sentence]\nA large hungry reptile partially blocks\nyour view of the building to the north.  You\nhave more immediate concerns than\nthe building.	
70314	[title27][sentence]\nYou are getting closer to the building\nwhere you thought you saw the vase.	
70315	[title26][sentence]\nThe building to the north rises alone\nabove the waves.  Every other building\nin the city is invisible beneath the\ndark water.	
70316	[title25][sentence]\nIt hardly seems possible that this\nnarrow rim could have kept the water\nout for all these years.  Then again,\nthis planet has no moons,\nso there aren't any tides and the\nweather stays be pretty docile.	
70317	[title25][sentence]\nThat certainly didn't accomplish much.  In fact,\nlet's just pretend you didn't do it.	
70318	[title20][sentence]\nThat certainly didn't accomplish much.  In fact,\nyou probably wish you didn't do it now, don't you.	
70319	[title29][sentence]\nWell that was polite, if useless.  It's not often\na main course provides it's own appetizer.\nLet's just pretend you didn't do it.	
70320	[title20][sentence]\nThe sea monster happily gobbled down\nthe [noun1].  Now what?	
70321	[title26][sentence]\nGreat!  Did you see that!?  That\nmonster certainly won't be bothering\nyou any more.  You wipe a lymph node\nfrom your cheek, remove a piece of\ntongue from your seat, and sit back down.	
70322	[title26][sentence]\nGreat!  Did you see that!?  That\nmonster certainly won't be bothering\nyou any more.	
70323	[title32][sentence]\nThe bottle is already full, fool.	
70324	[title32]BOTTLE 1/4 FULL\nYou scoop a small amount of water into\nthe bottle, being careful to fill it\nonly one quarter of the way up.  The\nbottle still feels nice and light.	
70325	[title32]BOTTLE 1/2 FULL\nYou scoop some water into the bottle,\nbeing careful to fill it only halfway\nup.  The bottle feels heavier now, but\nnot so heavy as to make it difficult to\ncarry.	
70326	[title32]BOTTLE 3/4 FULL\nYou scoop some water into the bottle,\nbeing careful to fill it only three\nquarters of the way to the top.  The\nbottle feels much heavier now, and is\nstarting to be difficult to carry around.	
70327	[title32]BOTTLE FULL\nYou scoop a great deal of water into\nthe bottle, filling it all the way to\nthe top.  With great satisfaction, you\nnote that the bottle now feels extremely\nheavy.	
70410	[title20][sentence]\nThe city you destroyed lies deep\nbeneath the water.	
70411	[title19][sentence]\nYou are getting closer to the building\nwhere you thought you saw the vase.	
70412	[title20][sentence]\nThe lone building protrudes\nabove the waterline.	
70413	[title25][sentence]\nIt hardly seems possible that this\nnarrow rim could have kept the water\nout for all these years.  Then again,\nthis planet has no moons,\nso there aren't any tides and the\nweather stays be pretty docile.	
70414	[title21][sentence]\nThe small piece of jetsam bobs\non the surface of the water.	
70415	[title18][sentence]\nBeing careful not to tip the boat, you\nreach over and pick up the bottle.	
70416	[title20][sentence]\nYou see a few small sea monster\nbits floating about to the south.	
70417	[title16][sentence]\n(Yawn)  You . . .  Hmmmm\nstare at . . . (yawn) . . . the sky\nfor a . . . while.\n	
70511	[title17][sentence]\nThe city you destroyed lies deep\nbeneath the water.	
70512	[title25][sentence]\nIt hardly seems possible that this\nnarrow rim could have kept the water\nout for all these years.  Then again,\nthis planet has no moons,\nso there aren't any tides and the\nweather stays be pretty docile.	
70513	[title18][sentence]\nTo the south you can see the maintenance\nplatform in the distance.	
70514	[title16][sentence]\n(Yawn)  You . . .  Hmmmm\nstare at . . . (yawn) . . . the sky\nfor a . . . while.	
70515	[title22][sentence]\nThis must have been the governor's penthouse.\nOn of the three windows is open, and\nthrough it you see a lavishly decorated\nparlor.	
70516	[title21][sentence]\nThe window is open.  It is large enough\nfor you to jump through it.\n\n	
70710	[title16][sentence]\nYou see little.	
70711	[title19][sentence]\nThe keypad has twelve keys on it.\nThe numerals zero through nine are\npresent, as well as 'smile' and 'frown'\nkeys.	
70712	[title25][sentence]\nThis entry device is about\nas complicated as a pocket\ncalculator.  Take your time;\nyou'll get it eventually.	
70713	[title22][sentence]\nIt's a key.  Hint: it's about the same\nsize as the tip of a human finger.	
70714	[title17][sentence]\nYou are standing in an\nalien teleportation device.\n	
75210	[title33][sentence]\nYou are standing on what must surely be a\nmaintenance platform above the city.  A\nbreathtaking view of the city stretches before\nyou, revealing the bizarre two level structure\nin it's entirety.  Apparently, the entire\nmetropolis was constructed inside an enormous,\ninactive volcano cone.  Far below, you see the\nglowing magma which warms the city.  Behind\nyou and beyond the rim of the city, you can see\nonly ocean.  You pause for a moment in awe of\nthis engineering marvel.	
75212	[title27][sentence]\nYou are standing on what must surely be a\nmaintenance platform above the city.  A\nbreathtaking view of the city stretches before\nyou, revealing the bizarre two level structure\nin it's entirety.  Apparently, the entire\nmetropolis was constructed inside an enormous,\ninactive volcano cone.  Far below, you see the\nglowing magma which warms the city.  Behind\nyou and beyond the rim of the city, you can see\nonly ocean.  You pause for a moment in awe of\nthis engineering marvel, after which you take\na moment to notice the laser beam you skillfully\nredirected.	
75213	[title27][sentence]\nThe rim of the city is obviously the top\nof the volcano cone.  The short section\nyou are standing on has been paved, and\nyou imagine that it must be a maintenance\nplatform.	
75214	[title26][sentence]\nYou have no clues as to what purpose\nthis cement block could possibly have served.	
75215	[title25][sentence]\nA cone of igneous rock surrounds the rim\nof the city.  The sunlight washes warmly over\nit's pocked blue-purple surface.	
75216	[title16][sentence]\nYou don't need any pumice.	
75217	[title20][sentence]\nTo the west you see the elevator\nthat brought you here.	
75218	[title25][sentence]\nThis looks like every other teleporter\non the planet,  although it does seem\ndarker inside that most of the other\nteleporters.	
75219	[title32][sentence]\nA nearly complete humanoid skeleton lies\nscattered about near the teleporter entrance.\nThere are many recognizable bones in the\nsmall heap.  Half buried in the bones is a\nsmall, laminated card.	
75220	[title18][sentence]\nA nearly complete humanoid skeleton lies\nscattered about near the teleporter entrance.\nThere are many recognizable bones in the\nsmall heap.\n	
75221	[title18][sentence]\nYou carefully select a bone\nfrom the heap and pick it up.	
75222	[title19][sentence]\nDon't get greedy.  You already have two bones.\n	
60310	[title29][sentence]\nThe gaudiest bedroom in the known universe\nunfolds before your eyes.  You get the feeling\nthat Bruce must have been an actor.  Various\ntheatrical memorabilia adorn the walls.  A think\nlayer of dust covers everything here.	
60311	[title32][sentence]\nA fluffy feather mattress lies atop a\npurple molded plastic frame bed.\nYou are a little tired, but you know\nyou have better things to do than\ntake a nap just now.  Besides, you\nwould probably asphyxiate in the\ndust cloud that would rise were you\nto try to lie down here.	
60312	[title29][sentence]\nBruce must have had half a dozen wigs,\neach with it's own stand.  They are\nsmall styrofoam figures in the shape\nof a humanoid head.	
60313	[title20][sentence]\nYou don't have any wigs, and\ntherefore don't need any stands.	
60314	[title26][sentence]\nA magazine review of Bruce's first stage\nperformance.  You scan it quickly.  Only\nthe passages ". . . could swear they were real . . ."\nand ". . . thought the enemy had broken in . . ."\nstick in your mind.  The reviewer must have\nliked the show; he gave it four-and-a-half\nstars.	
60315	[title32][sentence]\nThe laminated and framed theater tickets\nbear the name of the show: "Love Thy Enemy".\nThese tickets must have been for one of\nBruce's performances.	
60316	[title24][sentence]\nYou see  a tall woman in front of a theater\non opening night.  You are just about to\ncomment on her legs when you realize this\nmust be Bruce.  You swallow hard and\nstare at the floor for a moment.	
60317	[title27][sentence]\nThe various lamps about the room perfectly\nmatch the tacky decor found everywhere in\nthis condo.  As ugly as they are, they at least\ndo a good job of keeping the room lit.	
60318	[title25][sentence]\nYou gather from the objects over the door that\nBruce aspired to be a director.	
60319	[title29][sentence]\nThere are snapshots of Bruce in various\noutfits at various theatrical events hanging\nall over the walls.  Obviously, Bruce just\ncouldn't get enough of himself.	
60320	[title29][sentence]\nYou don't have any interest in these snapshots.\nEveryone is dressed, and you're not in them.	
60321	[title25][sentence]\nHmmm.  Avlon perfume.  Very expensive.	
60322	[title30][sentence]\nBetter not.  You prefer something a little\nmuskier.	
60323	[title20][sentence]\nYou pick up the small folded note\nand place it in your pocket.	
60324	[title17][sentence]\nThis appears to be a small\nfolded-up piece of paper with\nsomething writing on it.	
60325	[title27][sentence]\nOn the corner table you see a small framed\npicture and a perfume atomizer.	
60326	[title29][sentence]\nOn the corner table you see a framed picture,\na small note, and a perfume atomizer.	
60327	[title21][sentence]\nThe skirted vanity is covered with various\nmake-up accessories.  A small compact case on\nthe corner of the vanity catches your eye.	
60328	[title21][sentence]\nThe skirted vanity is covered with miscellaneous\nmake-up accessories.	
60329	[title25][sentence]\nIt is a circular case containing various shades of\nblush and a small mirror.  The brush used to\napply the makeup appears to be missing.	
60330	[title32][sentence]\nYou pick up the compact, blow the dust\noff, close it, and stuff it in your pocket.\nYou feel it spring open again.  You\ndecide that the latch must be broken,\nbut keep the compact case anyway,\nfiguring you never know when you'll need\na mirror or a new shade of blush.	
60331	[title21][sentence]\nThese look like the items Bruce is wearing\nin the photograph across the room.	
60332	[title29][sentence]\nO.K.  You grab the slip and put it on.\nYou throw the bra on for kicks, and wrap the\nboa around your neck.  You then skip\nout into the street where you dance\nfor hours.  And then again, maybe not.\n	
